B01003_001E,state,county,tract,GEOID
2615.0,26,145,010401,26145010401
5791.0,26,145,011000,26145011000
3465.0,26,145,010303,26145010303
4726.0,26,145,010304,26145010304
1859.0,26,145,011901,26145011901
3726.0,26,145,012002,26145012002
2803.0,26,145,011500,26145011500
3229.0,26,145,011600,26145011600
1616.0,26,155,030600,26155030600
3715.0,26,155,031402,26155031402
2953.0,26,155,030400,26155030400
4123.0,26,155,031700,26155031700
4859.0,26,155,030300,26155030300
3406.0,26,155,030200,26155030200
5804.0,26,155,031401,26155031401
3845.0,26,155,031600,26155031600
3509.0,26,155,030500,26155030500
3712.0,26,155,031900,26155031900
2756.0,26,017,280600,26017280600
2901.0,26,017,281300,26017281300
3802.0,26,017,285700,26017285700
2605.0,26,017,286400,26017286400
1229.0,26,017,280300,26017280300
3525.0,26,017,285400,26017285400
3707.0,26,017,286300,26017286300
3637.0,26,017,280800,26017280800
3035.0,26,017,286000,26017286000
5006.0,26,017,286200,26017286200
3133.0,26,117,970300,26117970300
6923.0,26,139,025100,26139025100
1800.0,26,029,000100,26029000100
2464.0,26,029,001500,26029001500
5667.0,26,139,024600,26139024600
2552.0,26,139,023600,26139023600
3304.0,26,117,970400,26117970400
3317.0,26,117,970900,26117970900
6744.0,26,117,971000,26117971000
7501.0,26,117,970500,26117970500
5469.0,26,117,970700,26117970700
4382.0,26,117,970100,26117970100
2469.0,26,029,001000,26029001000
1869.0,26,029,001100,26029001100
1661.0,26,099,225702,26099225702
6429.0,26,099,230602,26099230602
7008.0,26,099,230601,26099230601
5836.0,26,099,225701,26099225701
5384.0,26,099,222101,26099222101
2377.0,26,127,010900,26127010900
4101.0,26,099,268200,26099268200
3517.0,26,099,268400,26099268400
0.0,26,127,990000,26127990000
1635.0,26,127,011000,26127011000
2743.0,26,127,010800,26127010800
5452.0,26,127,010600,26127010600
3259.0,26,067,982200,26067982200
1835.0,26,067,032100,26067032100
6700.0,26,067,031900,26067031900
4285.0,26,065,004801,26065004801
4744.0,26,065,006301,26065006301
4241.0,26,065,006401,26065006401
0.0,26,065,980200,26065980200
3352.0,26,117,970200,26117970200
4655.0,26,117,970800,26117970800
4925.0,26,117,971100,26117971100
5777.0,26,117,971200,26117971200
4963.0,26,117,971300,26117971300
5434.0,26,117,970600,26117970600
0.0,26,105,990000,26105990000
5148.0,26,077,006103,26077006103
0.0,26,063,990000,26063990000
4661.0,26,165,380200,26165380200
2802.0,26,165,380300,26165380300
4468.0,26,165,380400,26165380400
6520.0,26,165,380500,26165380500
5087.0,26,165,380100,26165380100
3271.0,26,165,380600,26165380600
2761.0,26,165,380700,26165380700
3345.0,26,165,380800,26165380800
3283.0,26,037,010104,26037010104
4075.0,26,037,010108,26037010108
6190.0,26,037,011104,26037011104
3778.0,26,037,010802,26037010802
3769.0,26,037,010105,26037010105
3877.0,26,037,010107,26037010107
3993.0,26,037,010801,26037010801
2407.0,26,037,011200,26037011200
3373.0,26,065,004802,26065004802
0.0,26,065,980300,26065980300
3459.0,26,065,005401,26065005401
6.0,26,065,980100,26065980100
891.0,26,065,980000,26065980000
1733.0,26,065,004493,26065004493
1236.0,26,065,004491,26065004491
3351.0,26,125,140302,26125140302
3183.0,26,125,133002,26125133002
3906.0,26,065,004490,26065004490
3424.0,26,125,135000,26125135000
2532.0,26,111,291601,26111291601
0.0,26,019,990000,26019990000
7121.0,26,019,000100,26019000100
4501.0,26,161,400600,26161400600
3078.0,26,161,414500,26161414500
2070.0,26,161,404200,26161404200
7546.0,26,161,400300,26161400300
6676.0,26,161,423400,26161423400
5115.0,26,161,453000,26161453000
3172.0,26,163,543200,26163543200
2967.0,26,163,571800,26163571800
4355.0,26,163,541500,26163541500
2227.0,26,163,541700,26163541700
1541.0,26,163,545300,26163545300
1683.0,26,163,545400,26163545400
5048.0,26,163,545600,26163545600
3034.0,26,163,546700,26163546700
4099.0,26,163,550200,26163550200
4357.0,26,163,551400,26163551400
3756.0,26,163,551800,26163551800
2791.0,26,163,552000,26163552000
3173.0,26,163,552300,26163552300
4316.0,26,163,555100,26163555100
3244.0,26,163,557400,26163557400
2848.0,26,163,557600,26163557600
4862.0,26,163,557900,26163557900
1825.0,26,163,572500,26163572500
3238.0,26,163,573000,26163573000
4719.0,26,163,574600,26163574600
1480.0,26,163,575600,26163575600
3591.0,26,163,577400,26163577400
3844.0,26,163,577600,26163577600
4672.0,26,163,577800,26163577800
2355.0,26,163,578000,26163578000
1922.0,26,163,579500,26163579500
3294.0,26,163,558100,26163558100
3027.0,26,163,541400,26163541400
995.0,26,163,542700,26163542700
2468.0,26,163,542800,26163542800
2066.0,26,163,543000,26163543000
2177.0,26,163,544200,26163544200
3228.0,26,163,545700,26163545700
1105.0,26,163,546900,26163546900
2160.0,26,163,550600,26163550600
5608.0,26,163,550700,26163550700
3904.0,26,025,001300,26025001300
3872.0,26,025,002300,26025002300
2864.0,26,025,002400,26025002400
2711.0,26,025,003500,26025003500
3013.0,26,025,002900,26025002900
2115.0,26,025,003300,26025003300
4230.0,26,025,003800,26025003800
3700.0,26,025,000200,26025000200
2774.0,26,025,000600,26025000600
2631.0,26,025,001600,26025001600
1124.0,26,025,002100,26025002100
4252.0,26,025,001700,26025001700
4521.0,26,025,002800,26025002800
4074.0,26,025,002500,26025002500
2097.0,26,025,002600,26025002600
6241.0,26,025,002700,26025002700
4492.0,26,025,003900,26025003900
3565.0,26,025,000900,26025000900
4018.0,26,025,001000,26025001000
2687.0,26,025,001200,26025001200
4239.0,26,025,001400,26025001400
5216.0,26,025,001500,26025001500
6049.0,26,025,001800,26025001800
5274.0,26,025,002000,26025002000
2283.0,26,025,003200,26025003200
4491.0,26,025,003700,26025003700
2098.0,26,025,003600,26025003600
4095.0,26,025,004000,26025004000
2197.0,26,025,003000,26025003000
3969.0,26,025,001100,26025001100
2986.0,26,025,003100,26025003100
3702.0,26,031,960400,26031960400
3603.0,26,031,960800,26031960800
2791.0,26,031,960200,26031960200
2374.0,26,031,960600,26031960600
4467.0,26,031,960300,26031960300
3935.0,26,121,002601,26121002601
3306.0,26,121,000800,26121000800
4296.0,26,121,001402,26121001402
5191.0,26,121,001902,26121001902
7611.0,26,121,002700,26121002700
5415.0,26,121,002900,26121002900
3519.0,26,121,000900,26121000900
2617.0,26,121,001600,26121001600
3937.0,26,121,002000,26121002000
4358.0,26,121,002602,26121002602
5066.0,26,121,003300,26121003300
3723.0,26,121,001901,26121001901
4371.0,26,121,003000,26121003000
6966.0,26,127,010300,26127010300
3251.0,26,127,010500,26127010500
3893.0,26,127,010400,26127010400
4753.0,26,089,970500,26089970500
1532.0,26,089,970400,26089970400
2143.0,26,089,970100,26089970100
5284.0,26,089,970200,26089970200
2647.0,26,089,970300,26089970300
5205.0,26,089,970600,26089970600
3698.0,26,087,330000,26087330000
3104.0,26,087,333000,26087333000
3089.0,26,087,330500,26087330500
2741.0,26,161,445000,26161445000
2236.0,26,161,404400,26161404400
2925.0,26,161,410100,26161410100
2496.0,26,161,412600,26161412600
4712.0,26,161,431000,26161431000
5698.0,26,161,456000,26161456000
3713.0,26,161,410400,26161410400
1468.0,26,161,410900,26161410900
3398.0,26,161,414000,26161414000
2862.0,26,161,414200,26161414200
3957.0,26,161,426000,26161426000
6519.0,26,161,400500,26161400500
6135.0,26,161,400200,26161400200
2109.0,26,161,402600,26161402600
5446.0,26,161,402700,26161402700
3186.0,26,161,407600,26161407600
3040.0,26,161,403200,26161403200
4826.0,26,161,405200,26161405200
3401.0,26,161,406000,26161406000
2432.0,26,161,410600,26161410600
3110.0,26,161,411000,26161411000
1636.0,26,161,414700,26161414700
1994.0,26,161,415400,26161415400
2208.0,26,161,415600,26161415600
3524.0,26,161,420000,26161420000
2498.0,26,161,423600,26161423600
6276.0,26,161,444000,26161444000
3676.0,26,161,448000,26161448000
7268.0,26,161,461000,26161461000
5936.0,26,161,464000,26161464000
6101.0,26,161,465000,26161465000
2455.0,26,161,466000,26161466000
3261.0,26,161,404100,26161404100
4443.0,26,161,425000,26161425000
2664.0,26,161,402300,26161402300
5692.0,26,161,407400,26161407400
4009.0,26,163,551200,26163551200
2165.0,26,163,553400,26163553400
1655.0,26,163,553800,26163553800
2865.0,26,163,554700,26163554700
3411.0,26,163,554800,26163554800
2727.0,26,163,555400,26163555400
3207.0,26,163,556300,26163556300
2033.0,26,163,557200,26163557200
3747.0,26,163,557500,26163557500
3914.0,26,163,582100,26163582100
3647.0,26,163,580700,26163580700
2991.0,26,163,588200,26163588200
2343.0,26,163,581500,26163581500
2736.0,26,163,581800,26163581800
1824.0,26,163,584300,26163584300
5534.0,26,163,588300,26163588300
5300.0,26,163,588400,26163588400
3394.0,26,163,594500,26163594500
3443.0,26,163,596100,26163596100
2637.0,26,163,596300,26163596300
2594.0,26,163,536500,26163536500
3497.0,26,163,537000,26163537000
2404.0,26,163,537300,26163537300
2760.0,26,163,537500,26163537500
5266.0,26,163,538600,26163538600
4456.0,26,163,538700,26163538700
1787.0,26,163,538800,26163538800
3715.0,26,163,539400,26163539400
3446.0,26,163,540200,26163540200
2436.0,26,163,541100,26163541100
2018.0,26,163,541200,26163541200
2595.0,26,163,543100,26163543100
2767.0,26,163,543700,26163543700
3776.0,26,163,546100,26163546100
3942.0,26,163,550100,26163550100
1470.0,26,163,550800,26163550800
4690.0,26,163,551100,26163551100
3087.0,26,031,960700,26031960700
2969.0,26,031,960100,26031960100
2482.0,26,031,960500,26031960500
2147.0,26,095,960200,26095960200
4259.0,26,095,960100,26095960100
5982.0,26,081,012604,26081012604
4914.0,26,081,012901,26081012901
5263.0,26,081,013300,26081013300
2208.0,26,081,013600,26081013600
10865.0,26,081,014501,26081014501
3754.0,26,081,014701,26081014701
3123.0,26,081,014704,26081014704
3077.0,26,081,014803,26081014803
8391.0,26,081,014804,26081014804
6770.0,26,081,011901,26081011901
6577.0,26,081,012003,26081012003
3493.0,26,081,013000,26081013000
5090.0,26,081,013500,26081013500
5223.0,26,081,000300,26081000300
3049.0,26,081,001300,26081001300
4012.0,26,081,004300,26081004300
1748.0,26,081,003000,26081003000
4811.0,26,081,003200,26081003200
6043.0,26,081,010302,26081010302
3881.0,26,081,010902,26081010902
3931.0,26,081,011002,26081011002
5180.0,26,081,011804,26081011804
3445.0,26,081,012300,26081012300
5138.0,26,081,012703,26081012703
801.0,26,163,516200,26163516200
1719.0,26,163,516500,26163516500
4801.0,26,163,501500,26163501500
2154.0,26,163,501700,26163501700
1313.0,26,163,504000,26163504000
784.0,26,163,504800,26163504800
2391.0,26,023,951000,26023951000
4468.0,26,023,951200,26023951200
3492.0,26,023,950200,26023950200
4494.0,26,023,950800,26023950800
3795.0,26,023,950300,26023950300
2654.0,26,075,000100,26075000100
4273.0,26,075,000800,26075000800
2225.0,26,075,001200,26075001200
1018.0,26,075,000600,26075000600
2462.0,26,075,001000,26075001000
2374.0,26,075,001100,26075001100
2944.0,26,075,006301,26075006301
3513.0,26,075,000900,26075000900
6402.0,26,075,005400,26075005400
2845.0,26,075,005700,26075005700
4727.0,26,075,006702,26075006702
2552.0,26,075,001300,26075001300
4661.0,26,075,005301,26075005301
3942.0,26,075,005302,26075005302
1795.0,26,049,002300,26049002300
3768.0,26,049,002700,26049002700
947.0,26,049,002000,26049002000
1920.0,26,049,002200,26049002200
2158.0,26,049,003400,26049003400
2427.0,26,049,010112,26049010112
2319.0,26,049,010113,26049010113
899.0,26,049,010115,26049010115
1647.0,26,049,010202,26049010202
4987.0,26,049,010700,26049010700
2413.0,26,049,010811,26049010811
3338.0,26,049,010812,26049010812
2081.0,26,125,131400,26125131400
3779.0,26,125,131800,26125131800
4896.0,26,125,134300,26125134300
2606.0,26,125,136000,26125136000
5222.0,26,125,139400,26125139400
2275.0,26,125,141700,26125141700
4070.0,26,125,144100,26125144100
3686.0,26,125,144300,26125144300
2623.0,26,125,144800,26125144800
2316.0,26,125,145100,26125145100
3484.0,26,125,145200,26125145200
4348.0,26,125,145400,26125145400
2134.0,26,125,153000,26125153000
2183.0,26,125,157000,26125157000
2418.0,26,125,181500,26125181500
4483.0,26,125,144200,26125144200
3121.0,26,125,144500,26125144500
5035.0,26,125,150000,26125150000
2255.0,26,125,153100,26125153100
3537.0,26,125,157500,26125157500
3963.0,26,125,158000,26125158000
3144.0,26,125,158100,26125158100
3317.0,26,125,158200,26125158200
3056.0,26,125,160300,26125160300
2422.0,26,125,161600,26125161600
2482.0,26,125,166000,26125166000
3861.0,26,125,166600,26125166600
4554.0,26,125,167800,26125167800
3811.0,26,125,170400,26125170400
1851.0,26,125,171600,26125171600
2647.0,26,125,173500,26125173500
3528.0,26,125,121500,26125121500
3822.0,26,125,122200,26125122200
1599.0,26,125,184700,26125184700
3021.0,26,125,175000,26125175000
4063.0,26,125,175200,26125175200
2007.0,26,135,970400,26135970400
3083.0,26,129,950200,26129950200
1457.0,26,135,970500,26135970500
1639.0,26,135,970300,26135970300
2160.0,26,039,960100,26039960100
3525.0,26,039,960200,26039960200
2210.0,26,039,960400,26039960400
2283.0,26,039,960500,26039960500
3643.0,26,039,960300,26039960300
1473.0,26,037,010203,26037010203
2453.0,26,037,010600,26037010600
1807.0,26,037,010204,26037010204
5185.0,26,037,010300,26037010300
5260.0,26,037,010400,26037010400
4590.0,26,037,010902,26037010902
3822.0,26,037,011001,26037011001
2434.0,26,037,010702,26037010702
4378.0,26,037,011101,26037011101
3489.0,26,037,011002,26037011002
3799.0,26,037,010500,26037010500
2047.0,26,037,010701,26037010701
3011.0,26,037,010901,26037010901
651.0,26,163,518800,26163518800
1404.0,26,163,507900,26163507900
2433.0,26,163,513300,26163513300
2465.0,26,163,516600,26163516600
2303.0,26,163,520400,26163520400
1611.0,26,163,521500,26163521500
795.0,26,163,522100,26163522100
1165.0,26,163,525500,26163525500
1208.0,26,163,530400,26163530400
3226.0,26,163,531500,26163531500
1428.0,26,163,532400,26163532400
2465.0,26,049,012100,26049012100
5043.0,26,049,011301,26049011301
3623.0,26,049,011302,26049011302
4695.0,26,049,011503,26049011503
2652.0,26,049,012503,26049012503
1495.0,26,049,000200,26049000200
3093.0,26,049,000900,26049000900
6338.0,26,049,011209,26049011209
2567.0,26,049,010114,26049010114
3820.0,26,049,010502,26049010502
5606.0,26,049,011102,26049011102
2705.0,26,049,011508,26049011508
2471.0,26,049,011711,26049011711
3326.0,26,049,012601,26049012601
2682.0,26,049,012603,26049012603
3000.0,26,049,012703,26049012703
2632.0,26,049,012906,26049012906
2753.0,26,125,181100,26125181100
4058.0,26,125,175300,26125175300
3613.0,26,125,168400,26125168400
2602.0,26,125,172500,26125172500
3012.0,26,125,183300,26125183300
4357.0,26,125,183800,26125183800
3007.0,26,125,184100,26125184100
2925.0,26,125,184600,26125184600
2427.0,26,125,190500,26125190500
2471.0,26,125,191100,26125191100
6204.0,26,125,192000,26125192000
4913.0,26,125,192400,26125192400
3633.0,26,125,193100,26125193100
1009.0,26,125,194500,26125194500
4879.0,26,125,197000,26125197000
3863.0,26,125,198000,26125198000
2946.0,26,125,132700,26125132700
3326.0,26,125,137800,26125137800
3219.0,26,125,123100,26125123100
3288.0,26,065,002000,26065002000
1978.0,26,065,002600,26065002600
2914.0,26,065,005600,26065005600
5264.0,26,065,005900,26065005900
4470.0,26,065,006100,26065006100
4634.0,26,065,004902,26065004902
2118.0,26,065,003200,26065003200
3930.0,26,065,003801,26065003801
7241.0,26,065,004901,26065004901
7001.0,26,065,005001,26065005001
6769.0,26,065,005302,26065005302
4127.0,26,065,006500,26065006500
5673.0,26,065,005800,26065005800
1729.0,26,065,000600,26065000600
1542.0,26,065,002200,26065002200
2330.0,26,065,001200,26065001200
3461.0,26,065,003601,26065003601
4336.0,26,065,003802,26065003802
2651.0,26,065,004700,26065004700
3825.0,26,065,005002,26065005002
3345.0,26,065,005202,26065005202
5644.0,26,065,005502,26065005502
5165.0,26,065,005700,26065005700
3060.0,26,065,000800,26065000800
3258.0,26,065,002700,26065002700
2909.0,26,065,003500,26065003500
2786.0,26,065,002800,26065002800
2971.0,26,065,003301,26065003301
5663.0,26,163,584800,26163584800
7277.0,26,163,586200,26163586200
6268.0,26,163,587900,26163587900
5768.0,26,163,595100,26163595100
5695.0,26,163,599000,26163599000
4374.0,26,081,012800,26081012800
6920.0,26,081,013200,26081013200
2000.0,26,081,014100,26081014100
4191.0,26,081,014200,26081014200
2380.0,26,081,000100,26081000100
3909.0,26,081,000500,26081000500
2783.0,26,087,340500,26087340500
2603.0,26,087,334000,26087334000
4502.0,26,087,342000,26087342000
5504.0,26,087,333500,26087333500
4126.0,26,087,337500,26087337500
5118.0,26,087,338000,26087338000
3583.0,26,087,339500,26087339500
1190.0,26,087,336500,26087336500
3214.0,26,087,337000,26087337000
3132.0,26,087,339000,26087339000
2147.0,26,087,334500,26087334500
1756.0,26,087,331000,26087331000
2776.0,26,087,331500,26087331500
5700.0,26,087,332000,26087332000
5236.0,26,087,336000,26087336000
4742.0,26,087,338500,26087338500
3955.0,26,087,340000,26087340000
4746.0,26,087,341000,26087341000
3618.0,26,087,332500,26087332500
4258.0,26,087,341500,26087341500
1644.0,26,151,970100,26151970100
2255.0,26,151,970500,26151970500
1964.0,26,151,970600,26151970600
4332.0,26,151,971000,26151971000
3475.0,26,151,970300,26151970300
2925.0,26,161,447000,26161447000
2650.0,26,161,411200,26161411200
2116.0,26,161,405100,26161405100
4032.0,26,161,403300,26161403300
4782.0,26,161,407000,26161407000
3197.0,26,161,414300,26161414300
2500.0,26,161,422900,26161422900
3916.0,26,161,421100,26161421100
3210.0,26,011,970200,26011970200
4202.0,26,011,970500,26011970500
2789.0,26,011,970400,26011970400
2337.0,26,011,970100,26011970100
2700.0,26,011,970300,26011970300
6345.0,26,015,011400,26015011400
5913.0,26,015,010100,26015010100
3329.0,26,015,010800,26015010800
3422.0,26,015,010500,26015010500
5062.0,26,015,010700,26015010700
5510.0,26,015,010200,26015010200
7972.0,26,015,010300,26015010300
6652.0,26,015,010600,26015010600
2287.0,26,163,590600,26163590600
4425.0,26,163,556400,26163556400
4330.0,26,163,585800,26163585800
5841.0,26,163,588000,26163588000
4465.0,26,163,558200,26163558200
2332.0,26,163,538100,26163538100
2200.0,26,163,570900,26163570900
2896.0,26,163,575400,26163575400
3043.0,26,163,579700,26163579700
1845.0,26,163,584600,26163584600
3151.0,26,163,554200,26163554200
3608.0,26,163,562600,26163562600
4199.0,26,163,566700,26163566700
4652.0,26,163,571500,26163571500
2357.0,26,163,584700,26163584700
2918.0,26,163,555500,26163555500
2964.0,26,163,563300,26163563300
2237.0,26,163,568000,26163568000
4604.0,26,163,574700,26163574700
3874.0,26,163,583700,26163583700
4194.0,26,163,599100,26163599100
3794.0,26,151,971100,26151971100
3883.0,26,151,970400,26151970400
5915.0,26,151,970800,26151970800
4852.0,26,151,970900,26151970900
1747.0,26,151,970700,26151970700
5187.0,26,151,971200,26151971200
1608.0,26,033,971100,26033971100
2944.0,26,033,971000,26033971000
2588.0,26,033,970400,26033970400
913.0,26,033,970700,26033970700
3223.0,26,033,970100,26033970100
4115.0,26,033,970300,26033970300
4656.0,26,033,970900,26033970900
3792.0,26,033,970500,26033970500
4909.0,26,033,970600,26033970600
3303.0,26,033,970200,26033970200
4186.0,26,033,970800,26033970800
3688.0,26,115,830300,26115830300
3110.0,26,115,832100,26115832100
3018.0,26,115,833600,26115833600
2692.0,26,115,833700,26115833700
4596.0,26,115,833800,26115833800
3892.0,26,115,830500,26115830500
5680.0,26,115,830200,26115830200
3281.0,26,115,831000,26115831000
2135.0,26,115,832600,26115832600
3521.0,26,115,830100,26115830100
4017.0,26,115,830400,26115830400
3255.0,26,115,831500,26115831500
1507.0,26,115,831800,26115831800
4688.0,26,115,831300,26115831300
7134.0,26,115,831400,26115831400
4853.0,26,115,832800,26115832800
2887.0,26,007,000400,26007000400
4570.0,26,007,000100,26007000100
2711.0,26,007,000700,26007000700
3418.0,26,007,000300,26007000300
4105.0,26,007,000200,26007000200
2845.0,26,007,000900,26007000900
1853.0,26,007,000500,26007000500
3216.0,26,007,000800,26007000800
4896.0,26,067,031400,26067031400
3125.0,26,007,000600,26007000600
2913.0,26,067,030300,26067030300
6661.0,26,067,030400,26067030400
5155.0,26,067,031600,26067031600
6727.0,26,067,030100,26067030100
4664.0,26,067,031700,26067031700
5087.0,26,067,031200,26067031200
5442.0,26,067,031500,26067031500
7991.0,26,067,031300,26067031300
2817.0,26,067,030200,26067030200
4672.0,26,079,950200,26079950200
4921.0,26,079,950300,26079950300
3897.0,26,079,950400,26079950400
3383.0,26,163,505100,26163505100
3091.0,26,163,506600,26163506600
2787.0,26,163,507100,26163507100
1124.0,26,163,531900,26163531900
1247.0,26,163,532200,26163532200
729.0,26,163,532300,26163532300
1829.0,26,163,533600,26163533600
4479.0,26,163,535300,26163535300
1849.0,26,163,576000,26163576000
5937.0,26,163,576100,26163576100
4751.0,26,125,197300,26125197300
3153.0,26,125,157300,26125157300
6278.0,26,125,196000,26125196000
5173.0,26,125,196500,26125196500
1952.0,26,125,161000,26125161000
3471.0,26,125,161300,26125161300
1249.0,26,125,162200,26125162200
3592.0,26,125,165200,26125165200
5581.0,26,125,181600,26125181600
3433.0,26,125,190400,26125190400
1689.0,26,125,191000,26125191000
4583.0,26,125,193700,26125193700
5778.0,26,125,194000,26125194000
3321.0,26,125,194400,26125194400
2174.0,26,125,196600,26125196600
3577.0,26,125,196900,26125196900
2792.0,26,125,198100,26125198100
3662.0,26,147,637200,26147637200
1940.0,26,147,657100,26147657100
2590.0,26,147,627000,26147627000
6023.0,26,147,635000,26147635000
2030.0,26,147,640100,26147640100
2328.0,26,147,640600,26147640600
3465.0,26,147,641000,26147641000
1128.0,26,147,630100,26147630100
4385.0,26,147,636000,26147636000
3279.0,26,147,655600,26147655600
4793.0,26,163,566900,26163566900
1583.0,26,163,534100,26163534100
1702.0,26,163,534400,26163534400
1841.0,26,163,537100,26163537100
2828.0,26,163,507000,26163507000
2061.0,26,163,501600,26163501600
1947.0,26,163,506300,26163506300
1051.0,26,163,506700,26163506700
1062.0,26,163,507200,26163507200
1941.0,26,163,507300,26163507300
2369.0,26,163,507400,26163507400
1455.0,26,163,512900,26163512900
3157.0,26,163,516700,26163516700
3450.0,26,163,517000,26163517000
1153.0,26,163,517100,26163517100
2732.0,26,163,518000,26163518000
2483.0,26,049,011901,26049011901
5468.0,26,049,010603,26049010603
6251.0,26,049,011212,26049011212
5206.0,26,049,011213,26049011213
4052.0,26,049,011402,26049011402
3498.0,26,049,011713,26049011713
2733.0,26,049,012402,26049012402
2988.0,26,049,011714,26049011714
2908.0,26,049,011902,26049011902
1821.0,26,049,012401,26049012401
5565.0,26,049,012702,26049012702
3501.0,26,049,012905,26049012905
2315.0,26,049,012907,26049012907
3167.0,26,049,003500,26049003500
2506.0,26,049,000100,26049000100
1625.0,26,049,010201,26049010201
3148.0,26,049,011502,26049011502
2063.0,26,049,012504,26049012504
1638.0,26,049,000600,26049000600
5658.0,26,125,181300,26125181300
4599.0,26,125,191200,26125191200
4477.0,26,125,193400,26125193400
2475.0,26,125,193500,26125193500
1904.0,26,125,194200,26125194200
6775.0,26,125,122400,26125122400
2377.0,26,125,123000,26125123000
2632.0,26,125,126200,26125126200
3625.0,26,125,126400,26125126400
3234.0,26,125,126500,26125126500
5531.0,26,125,127100,26125127100
6516.0,26,125,127700,26125127700
4068.0,26,125,128400,26125128400
6158.0,26,125,128900,26125128900
3116.0,26,125,129000,26125129000
3970.0,26,125,130300,26125130300
2777.0,26,125,131600,26125131600
2786.0,26,125,196700,26125196700
2824.0,26,125,197100,26125197100
3464.0,26,125,128200,26125128200
3450.0,26,125,125000,26125125000
4738.0,26,125,127600,26125127600
4503.0,26,125,128300,26125128300
3043.0,26,125,130500,26125130500
6686.0,26,125,130700,26125130700
3248.0,26,125,134800,26125134800
8454.0,26,125,136600,26125136600
4349.0,26,125,136800,26125136800
2692.0,26,125,140600,26125140600
3148.0,26,125,142400,26125142400
4444.0,26,125,145300,26125145300
4994.0,26,125,151000,26125151000
4061.0,26,125,152900,26125152900
3529.0,26,125,156400,26125156400
4151.0,26,125,160000,26125160000
3586.0,26,125,160800,26125160800
2201.0,26,037,010201,26037010201
1645.0,26,043,950100,26043950100
3348.0,26,043,950700,26043950700
4479.0,26,043,950300,26043950300
4311.0,26,043,950200,26043950200
3034.0,26,043,950500,26043950500
4380.0,26,043,950600,26043950600
4497.0,26,043,950400,26043950400
1348.0,26,063,950100,26063950100
3336.0,26,063,950700,26063950700
2150.0,26,063,951100,26063951100
2704.0,26,063,950600,26063950600
3877.0,26,063,951200,26063951200
2307.0,26,063,950300,26063950300
2096.0,26,063,950200,26063950200
2222.0,26,063,950500,26063950500
3366.0,26,063,950800,26063950800
3836.0,26,063,951000,26063951000
3697.0,26,063,950900,26063950900
811.0,26,063,950400,26063950400
2091.0,26,065,000700,26065000700
2077.0,26,065,001000,26065001000
4253.0,26,065,003902,26065003902
293.0,26,163,518400,26163518400
3465.0,26,163,542900,26163542900
3072.0,26,163,538900,26163538900
3417.0,26,163,542200,26163542200
2809.0,26,163,542500,26163542500
956.0,26,163,543500,26163543500
841.0,26,163,543800,26163543800
1972.0,26,163,544100,26163544100
2964.0,26,163,545200,26163545200
4602.0,26,163,545800,26163545800
4017.0,26,163,545900,26163545900
3797.0,26,163,546200,26163546200
2060.0,26,163,546600,26163546600
1620.0,26,163,550400,26163550400
3223.0,26,163,551700,26163551700
3224.0,26,163,554400,26163554400
3744.0,26,163,554600,26163554600
3134.0,26,163,555300,26163555300
2087.0,26,163,556500,26163556500
1923.0,26,163,556800,26163556800
2325.0,26,163,557100,26163557100
1842.0,26,163,558600,26163558600
2464.0,26,163,559100,26163559100
3044.0,26,163,537700,26163537700
1731.0,26,163,538300,26163538300
4397.0,26,163,541000,26163541000
4959.0,26,163,539200,26163539200
4212.0,26,163,538400,26163538400
3155.0,26,163,540600,26163540600
2763.0,26,163,541300,26163541300
2369.0,26,163,588100,26163588100
3789.0,26,163,577000,26163577000
4120.0,26,163,577900,26163577900
5191.0,26,163,578500,26163578500
1652.0,26,163,579100,26163579100
3381.0,26,163,579200,26163579200
1471.0,26,163,579800,26163579800
2973.0,26,163,580300,26163580300
2594.0,26,163,580400,26163580400
2995.0,26,163,580600,26163580600
3436.0,26,163,581200,26163581200
1565.0,26,163,521800,26163521800
1601.0,26,163,520800,26163520800
2229.0,26,163,523400,26163523400
88.0,26,163,524500,26163524500
1838.0,26,163,504200,26163504200
3552.0,26,163,501400,26163501400
1465.0,26,163,504400,26163504400
1922.0,26,163,562500,26163562500
6025.0,26,163,563500,26163563500
1690.0,26,163,563700,26163563700
1994.0,26,163,564000,26163564000
2567.0,26,163,564300,26163564300
2147.0,26,163,566500,26163566500
4401.0,26,163,567300,26163567300
2817.0,26,163,567400,26163567400
3662.0,26,093,744200,26093744200
4585.0,26,093,744800,26093744800
1861.0,26,093,710500,26093710500
3594.0,26,093,720100,26093720100
3049.0,26,093,744700,26093744700
3621.0,26,093,743900,26093743900
2538.0,26,093,710100,26093710100
4160.0,26,093,710300,26093710300
3346.0,26,093,721100,26093721100
2783.0,26,093,740800,26093740800
2183.0,26,093,742500,26093742500
1986.0,26,093,743500,26093743500
2871.0,26,093,743600,26093743600
2188.0,26,093,744400,26093744400
3125.0,26,093,722100,26093722100
5023.0,26,093,725000,26093725000
4460.0,26,093,725100,26093725100
3859.0,26,093,731100,26093731100
1905.0,26,093,740300,26093740300
3567.0,26,093,742700,26093742700
4556.0,26,093,713100,26093713100
4878.0,26,093,713700,26093713700
2743.0,26,093,740700,26093740700
2390.0,26,093,741100,26093741100
2907.0,26,093,722300,26093722300
2188.0,26,093,722500,26093722500
1740.0,26,093,710700,26093710700
1729.0,26,093,713300,26093713300
1948.0,26,093,733100,26093733100
3861.0,26,093,740200,26093740200
2721.0,26,093,743300,26093743300
4438.0,26,125,127300,26125127300
6986.0,26,125,127500,26125127500
1404.0,26,125,128800,26125128800
4942.0,26,125,131300,26125131300
4092.0,26,125,132600,26125132600
4782.0,26,125,134000,26125134000
4910.0,26,125,136300,26125136300
5293.0,26,125,136700,26125136700
10007.0,26,125,137100,26125137100
6487.0,26,125,139200,26125139200
2347.0,26,125,140500,26125140500
4961.0,26,125,140800,26125140800
3321.0,26,125,141200,26125141200
4641.0,26,125,141400,26125141400
2424.0,26,125,150200,26125150200
3124.0,26,125,154200,26125154200
3918.0,26,125,157200,26125157200
2528.0,26,125,157400,26125157400
2675.0,26,125,157700,26125157700
2924.0,26,125,166200,26125166200
1628.0,26,125,160700,26125160700
3538.0,26,125,161100,26125161100
2443.0,26,125,161900,26125161900
2320.0,26,125,166700,26125166700
5917.0,26,125,168600,26125168600
2486.0,26,125,170000,26125170000
1738.0,26,125,173100,26125173100
5551.0,26,125,173400,26125173400
2825.0,26,125,180300,26125180300
6229.0,26,125,181200,26125181200
2528.0,26,125,193600,26125193600
4038.0,26,125,194300,26125194300
5389.0,26,125,124000,26125124000
2787.0,26,125,128100,26125128100
2878.0,26,125,130400,26125130400
3059.0,26,125,120000,26125120000
2267.0,26,065,003400,26065003400
5295.0,26,065,003700,26065003700
1902.0,26,065,003901,26065003901
4960.0,26,065,004301,26065004301
5528.0,26,065,006200,26065006200
1404.0,26,065,004403,26065004403
4400.0,26,065,004600,26065004600
3443.0,26,065,002901,26065002901
2341.0,26,065,003302,26065003302
3568.0,26,065,005100,26065005100
3662.0,26,065,004000,26065004000
3444.0,26,065,005304,26065005304
5527.0,26,091,060600,26091060600
3348.0,26,091,060500,26091060500
4658.0,26,163,570400,26163570400
2280.0,26,163,570600,26163570600
2120.0,26,163,571000,26163571000
6019.0,26,163,572200,26163572200
1048.0,26,163,572400,26163572400
5491.0,26,163,572800,26163572800
2643.0,26,163,572900,26163572900
5438.0,26,163,574000,26163574000
1612.0,26,163,574900,26163574900
3463.0,26,163,575500,26163575500
3405.0,26,163,576700,26163576700
6096.0,26,163,572100,26163572100
2721.0,26,141,950500,26141950500
1457.0,26,141,950600,26141950600
2122.0,26,141,950300,26141950300
9205.0,26,077,002904,26077002904
1931.0,26,077,001300,26077001300
3621.0,26,077,001701,26077001701
3902.0,26,077,001801,26077001801
3848.0,26,077,000500,26077000500
1072.0,26,077,000900,26077000900
4757.0,26,077,001906,26077001906
2345.0,26,077,003002,26077003002
5377.0,26,077,001504,26077001504
4674.0,26,077,001802,26077001802
8217.0,26,077,002905,26077002905
4410.0,26,077,002801,26077002801
5236.0,26,077,002903,26077002903
7842.0,26,077,003004,26077003004
948.0,26,077,000202,26077000202
1889.0,26,077,001100,26077001100
2347.0,26,125,183500,26125183500
4254.0,26,125,183600,26125183600
5558.0,26,125,183700,26125183700
2568.0,26,125,183900,26125183900
5279.0,26,125,190700,26125190700
4228.0,26,125,191300,26125191300
4881.0,26,125,193300,26125193300
5852.0,26,125,196100,26125196100
4074.0,26,125,196200,26125196200
4594.0,26,125,196800,26125196800
3539.0,26,125,197900,26125197900
4269.0,26,125,141600,26125141600
2659.0,26,125,142300,26125142300
2163.0,26,125,142500,26125142500
3594.0,26,125,142700,26125142700
3770.0,26,125,144600,26125144600
5033.0,26,125,145600,26125145600
5018.0,26,125,150300,26125150300
2752.0,26,125,150400,26125150400
4569.0,26,125,150800,26125150800
3821.0,26,125,152600,26125152600
1942.0,26,125,153200,26125153200
2781.0,26,125,154100,26125154100
2884.0,26,125,154600,26125154600
4025.0,26,125,156300,26125156300
1212.0,26,125,140100,26125140100
5736.0,26,125,136500,26125136500
6579.0,26,125,137400,26125137400
2667.0,26,125,138600,26125138600
2594.0,26,125,140700,26125140700
2594.0,26,125,142200,26125142200
3542.0,26,125,142600,26125142600
4917.0,26,125,144400,26125144400
3602.0,26,125,153300,26125153300
1753.0,26,125,154000,26125154000
3308.0,26,147,645000,26147645000
1099.0,26,147,648000,26147648000
3970.0,26,147,650100,26147650100
4671.0,26,147,620000,26147620000
4292.0,26,147,621000,26147621000
2001.0,26,147,626000,26147626000
2554.0,26,147,629000,26147629000
2827.0,26,147,633100,26147633100
2165.0,26,147,637300,26147637300
5375.0,26,147,642000,26147642000
4736.0,26,147,646000,26147646000
5397.0,26,147,657200,26147657200
3794.0,26,147,658500,26147658500
3956.0,26,147,622000,26147622000
1683.0,26,147,624000,26147624000
3943.0,26,147,632000,26147632000
2643.0,26,147,633200,26147633200
3765.0,26,147,634100,26147634100
3032.0,26,147,647000,26147647000
4019.0,26,147,651600,26147651600
3193.0,26,147,652600,26147652600
2619.0,26,147,658100,26147658100
2800.0,26,147,623000,26147623000
1506.0,26,147,625000,26147625000
3023.0,26,147,628000,26147628000
5383.0,26,147,634600,26147634600
3933.0,26,147,637100,26147637100
2370.0,26,147,640200,26147640200
4335.0,26,163,546800,26163546800
2857.0,26,163,550900,26163550900
3633.0,26,163,551600,26163551600
1776.0,26,163,553100,26163553100
1096.0,26,163,553300,26163553300
4720.0,26,163,554300,26163554300
1756.0,26,163,513200,26163513200
2050.0,26,163,507500,26163507500
1120.0,26,163,508000,26163508000
1061.0,26,163,514500,26163514500
1997.0,26,163,515200,26163515200
468.0,26,163,516100,26163516100
763.0,26,163,516800,26163516800
2903.0,26,163,520200,26163520200
2064.0,26,163,520300,26163520300
2040.0,26,163,522000,26163522000
1093.0,26,163,522300,26163522300
3386.0,26,163,523300,26163523300
3621.0,26,163,550500,26163550500
856.0,26,163,543900,26163543900
2275.0,26,163,546500,26163546500
3199.0,26,163,550300,26163550300
3536.0,26,163,551300,26163551300
4252.0,26,163,552100,26163552100
3846.0,26,163,552200,26163552200
2403.0,26,163,594200,26163594200
5409.0,26,163,589400,26163589400
5562.0,26,163,591900,26163591900
2516.0,26,163,594000,26163594000
2606.0,26,163,556200,26163556200
1252.0,26,163,553000,26163553000
2244.0,26,163,553600,26163553600
3530.0,26,163,554900,26163554900
2490.0,26,163,556700,26163556700
4621.0,26,077,001501,26077001501
2891.0,26,077,002102,26077002102
3235.0,26,107,960900,26107960900
3052.0,26,107,960300,26107960300
6667.0,26,107,960700,26107960700
3531.0,26,107,960600,26107960600
4926.0,26,107,960800,26107960800
4242.0,26,107,960500,26107960500
2327.0,26,107,960100,26107960100
2784.0,26,107,960200,26107960200
4550.0,26,107,960400,26107960400
5884.0,26,107,961000,26107961000
2370.0,26,103,000500,26103000500
1872.0,26,103,002600,26103002600
2150.0,26,103,000100,26103000100
2337.0,26,103,001700,26103001700
3194.0,26,103,000700,26103000700
5818.0,26,103,001200,26103001200
3255.0,26,103,002400,26103002400
2330.0,26,103,000200,26103000200
2130.0,26,103,000300,26103000300
1939.0,26,103,002300,26103002300
2908.0,26,103,001500,26103001500
2868.0,26,103,001800,26103001800
3321.0,26,103,002100,26103002100
2390.0,26,103,002500,26103002500
1990.0,26,103,000400,26103000400
2680.0,26,103,000600,26103000600
1587.0,26,103,001100,26103001100
4000.0,26,103,001300,26103001300
2063.0,26,125,197600,26125197600
4760.0,26,125,157600,26125157600
3180.0,26,125,166400,26125166400
2356.0,26,125,192800,26125192800
3197.0,26,125,162100,26125162100
3235.0,26,125,171100,26125171100
2358.0,26,125,188100,26125188100
3729.0,26,125,144900,26125144900
2858.0,26,125,150500,26125150500
6783.0,26,125,156200,26125156200
3981.0,26,125,152000,26125152000
4492.0,26,125,156500,26125156500
2876.0,26,125,166500,26125166500
2715.0,26,125,168500,26125168500
2919.0,26,125,180100,26125180100
3455.0,26,145,012001,26145012001
4447.0,26,145,012003,26145012003
1957.0,26,145,012400,26145012400
3342.0,26,145,012600,26145012600
5789.0,26,145,013100,26145013100
2518.0,26,145,010600,26145010600
5829.0,26,145,010700,26145010700
1819.0,26,145,011100,26145011100
1610.0,26,145,011701,26145011701
3062.0,26,145,012300,26145012300
4074.0,26,145,012500,26145012500
4417.0,26,145,012700,26145012700
2472.0,26,145,001300,26145001300
2195.0,26,145,011902,26145011902
4415.0,26,145,012900,26145012900
1843.0,26,145,000600,26145000600
3255.0,26,145,001200,26145001200
3826.0,26,145,001000,26145001000
2698.0,26,145,001400,26145001400
5462.0,26,145,010403,26145010403
2605.0,26,145,010501,26145010501
2383.0,26,145,001700,26145001700
5332.0,26,145,010402,26145010402
4009.0,26,145,012100,26145012100
3514.0,26,145,001600,26145001600
1853.0,26,145,011200,26145011200
5857.0,26,163,560400,26163560400
5119.0,26,163,562400,26163562400
3475.0,26,163,562700,26163562700
6448.0,26,163,564600,26163564600
3629.0,26,163,567000,26163567000
2503.0,26,163,569100,26163569100
2709.0,26,163,569200,26163569200
4498.0,26,163,564800,26163564800
391.0,26,163,518600,26163518600
2693.0,26,163,583300,26163583300
1611.0,26,163,584100,26163584100
4459.0,26,049,003000,26049003000
3052.0,26,049,010910,26049010910
3336.0,26,049,012003,26049012003
1560.0,26,049,012602,26049012602
1159.0,26,049,001400,26049001400
4109.0,26,049,010911,26049010911
2756.0,26,049,011712,26049011712
4071.0,26,049,013002,26049013002
3675.0,26,049,004000,26049004000
3326.0,26,009,960200,26009960200
3221.0,26,009,960500,26009960500
2671.0,26,009,960300,26009960300
3307.0,26,009,960400,26009960400
3155.0,26,009,960600,26009960600
2598.0,26,009,960100,26009960100
4855.0,26,009,960700,26009960700
3121.0,26,017,280700,26017280700
6382.0,26,017,285800,26017285800
4831.0,26,017,285900,26017285900
3375.0,26,017,285100,26017285100
4541.0,26,017,285300,26017285300
6769.0,26,017,285500,26017285500
2855.0,26,017,280400,26017280400
6983.0,26,017,285600,26017285600
2945.0,26,017,280900,26017280900
7569.0,26,017,286100,26017286100
3470.0,26,017,280500,26017280500
4053.0,26,017,281000,26017281000
2893.0,26,045,020101,26045020101
6199.0,26,045,020302,26045020302
2992.0,26,045,020402,26045020402
2715.0,26,045,020201,26045020201
3875.0,26,045,020700,26045020700
5050.0,26,045,020800,26045020800
5512.0,26,045,021100,26045021100
4214.0,26,045,020103,26045020103
4008.0,26,045,020104,26045020104
3286.0,26,045,020102,26045020102
4377.0,26,045,020202,26045020202
3483.0,26,045,020500,26045020500
2440.0,26,041,970200,26041970200
3750.0,26,041,970700,26041970700
2627.0,26,041,971000,26041971000
1647.0,26,041,970100,26041970100
2352.0,26,041,970300,26041970300
4233.0,26,041,970800,26041970800
4341.0,26,041,970500,26041970500
5142.0,26,041,970400,26041970400
3207.0,26,041,971100,26041971100
4043.0,26,041,970600,26041970600
2613.0,26,041,970900,26041970900
2559.0,26,053,950100,26053950100
2866.0,26,053,950600,26053950600
1029.0,26,053,950400,26053950400
2383.0,26,053,950300,26053950300
2277.0,26,053,950200,26053950200
2286.0,26,053,950700,26053950700
2177.0,26,053,950500,26053950500
5578.0,26,047,970200,26047970200
2226.0,26,047,970100,26047970100
3902.0,26,047,970800,26047970800
5648.0,26,047,970600,26047970600
4578.0,26,047,970500,26047970500
4127.0,26,047,970700,26047970700
2715.0,26,047,970400,26047970400
4204.0,26,047,970300,26047970300
2068.0,26,065,000100,26065000100
2566.0,26,065,000400,26065000400
4308.0,26,065,002902,26065002902
3454.0,26,065,003602,26065003602
5908.0,26,065,005201,26065005201
4888.0,26,065,004100,26065004100
1685.0,26,065,004402,26065004402
3777.0,26,065,004500,26065004500
4317.0,26,065,005303,26065005303
6085.0,26,065,005501,26065005501
3291.0,26,065,002300,26065002300
2585.0,26,065,004302,26065004302
4857.0,26,163,572600,26163572600
3684.0,26,163,575200,26163575200
2304.0,26,163,576200,26163576200
2409.0,26,163,576300,26163576300
2565.0,26,163,577100,26163577100
2526.0,26,163,579300,26163579300
2885.0,26,163,579600,26163579600
1760.0,26,163,580100,26163580100
3081.0,26,163,580500,26163580500
732.0,26,163,534500,26163534500
2954.0,26,163,534700,26163534700
1615.0,26,163,537800,26163537800
4150.0,26,163,535600,26163535600
1452.0,26,163,536700,26163536700
1683.0,26,163,536800,26163536800
5095.0,26,163,538500,26163538500
2815.0,26,163,539000,26163539000
2029.0,26,163,539700,26163539700
4950.0,26,163,565300,26163565300
4252.0,26,163,581900,26163581900
2734.0,26,163,583000,26163583000
3815.0,26,163,583900,26163583900
2877.0,26,163,500200,26163500200
2103.0,26,163,500300,26163500300
1585.0,26,163,500500,26163500500
3793.0,26,093,743800,26093743800
2936.0,26,093,744900,26093744900
3399.0,26,093,732100,26093732100
3886.0,26,093,730600,26093730600
3836.0,26,093,743400,26093743400
2415.0,26,085,960100,26085960100
3444.0,26,125,120300,26125120300
3136.0,26,125,121000,26125121000
6173.0,26,125,124500,26125124500
5464.0,26,125,127000,26125127000
3509.0,26,125,128000,26125128000
4506.0,26,125,134400,26125134400
4165.0,26,125,134600,26125134600
1723.0,26,125,137700,26125137700
0.0,26,099,982100,26099982100
4802.0,26,099,247602,26099247602
1872.0,26,099,247601,26099247601
4555.0,26,099,220002,26099220002
8412.0,26,099,222102,26099222102
7760.0,26,099,220001,26099220001
0.0,26,159,990000,26159990000
6892.0,26,159,011800,26159011800
6260.0,26,159,012000,26159012000
5374.0,26,159,011900,26159011900
0.0,26,147,990000,26147990000
3238.0,26,091,060402,26091060402
6236.0,26,065,003103,26065003103
3972.0,26,091,062100,26091062100
0.0,26,007,990000,26007990000
0.0,26,049,980100,26049980100
0.0,26,151,990000,26151990000
2973.0,26,065,006600,26065006600
4125.0,26,065,006800,26065006800
4268.0,26,065,006700,26065006700
3354.0,26,065,006001,26065006001
3581.0,26,065,006002,26065006002
1996.0,26,065,002101,26065002101
3921.0,26,103,002900,26103002900
4692.0,26,103,002800,26103002800
4258.0,26,155,031302,26155031302
4171.0,26,155,031301,26155031301
4954.0,26,005,032200,26005032200
1950.0,26,005,032401,26005032401
3877.0,26,005,032402,26005032402
3146.0,26,005,030200,26005030200
4745.0,26,005,030704,26005030704
2464.0,26,005,030902,26005030902
3083.0,26,005,030901,26005030901
2911.0,26,005,030703,26005030703
1517.0,26,005,032600,26005032600
0.0,26,005,990000,26005990000
2899.0,26,143,971200,26143971200
0.0,26,047,990000,26047990000
0.0,26,095,990000,26095990000
0.0,26,095,980000,26095980000
5581.0,26,065,007000,26065007000
4131.0,26,065,001703,26065001703
3378.0,26,065,004494,26065004494
3367.0,26,065,004492,26065004492
4301.0,26,125,136102,26125136102
3199.0,26,125,156900,26125156900
3974.0,26,113,960100,26113960100
3008.0,26,113,960400,26113960400
3173.0,26,113,960200,26113960200
4827.0,26,113,960300,26113960300
3215.0,26,149,040700,26149040700
3502.0,26,149,041600,26149041600
4332.0,26,149,040900,26149040900
1923.0,26,149,040200,26149040200
4641.0,26,149,041500,26149041500
2916.0,26,149,040300,26149040300
2935.0,26,149,040600,26149040600
2215.0,26,149,040400,26149040400
3365.0,26,149,040800,26149040800
3029.0,26,149,041200,26149041200
6759.0,26,149,041300,26149041300
3526.0,26,149,040100,26149040100
2706.0,26,149,040500,26149040500
5032.0,26,149,041400,26149041400
3440.0,26,149,041000,26149041000
2479.0,26,147,631600,26147631600
4337.0,26,147,644000,26147644000
1908.0,26,147,651100,26147651100
2600.0,26,163,514100,26163514100
1468.0,26,163,515600,26163515600
655.0,26,163,516300,26163516300
2210.0,26,163,521100,26163521100
864.0,26,163,521300,26163521300
531.0,26,163,522200,26163522200
4234.0,26,163,530200,26163530200
920.0,26,163,531300,26163531300
1817.0,26,163,531800,26163531800
1679.0,26,163,533000,26163533000
3680.0,26,163,593200,26163593200
3197.0,26,163,598000,26163598000
2511.0,26,163,542400,26163542400
3239.0,26,163,543400,26163543400
1071.0,26,163,543600,26163543600
957.0,26,163,545100,26163545100
3145.0,26,163,500100,26163500100
3415.0,26,163,500900,26163500900
2847.0,26,163,501000,26163501000
5036.0,26,163,501800,26163501800
2935.0,26,163,503500,26163503500
1532.0,26,163,504700,26163504700
2253.0,26,163,506500,26163506500
505.0,26,163,507800,26163507800
2815.0,26,163,512100,26163512100
1307.0,26,163,512300,26163512300
2538.0,26,163,535000,26163535000
1640.0,26,163,525600,26163525600
3141.0,26,163,526000,26163526000
1261.0,26,163,533100,26163533100
2484.0,26,163,533400,26163533400
1356.0,26,163,535400,26163535400
2656.0,26,163,552400,26163552400
7100.0,26,077,001506,26077001506
2687.0,26,077,001601,26077001601
2118.0,26,077,000201,26077000201
6121.0,26,077,001000,26077001000
4543.0,26,077,001502,26077001502
6783.0,26,077,001507,26077001507
1894.0,26,077,001604,26077001604
4107.0,26,077,001907,26077001907
4122.0,26,077,002005,26077002005
8011.0,26,077,002700,26077002700
6188.0,26,077,002802,26077002802
2344.0,26,077,002201,26077002201
3292.0,26,019,000200,26019000200
1743.0,26,019,000300,26019000300
3140.0,26,019,000500,26019000500
89.0,26,099,982300,26099982300
33.0,26,099,982200,26099982200
6182.0,26,139,025800,26139025800
3974.0,26,139,025500,26139025500
5220.0,26,139,024300,26139024300
9945.0,26,139,024500,26139024500
0.0,26,139,990000,26139990000
5019.0,26,125,136101,26125136101
1645.0,26,163,515900,26163515900
1049.0,26,163,508100,26163508100
2624.0,26,163,511400,26163511400
2540.0,26,163,514200,26163514200
1773.0,26,163,516000,26163516000
1730.0,26,163,522500,26163522500
2768.0,26,075,006900,26075006900
8.0,26,083,980100,26083980100
2128.0,26,083,000100,26083000100
0.0,26,083,990100,26083990100
0.0,26,061,990000,26061990000
2625.0,26,061,000100,26061000100
3484.0,26,061,000500,26061000500
3881.0,26,061,000600,26061000600
3111.0,26,061,000700,26061000700
5661.0,26,061,000900,26061000900
3493.0,26,125,190800,26125190800
3491.0,26,125,196300,26125196300
2962.0,26,125,134500,26125134500
2907.0,26,125,122700,26125122700
2620.0,26,125,156000,26125156000
3932.0,26,125,134900,26125134900
2504.0,26,125,142000,26125142000
1730.0,26,125,161500,26125161500
5263.0,26,125,167400,26125167400
1603.0,26,125,173600,26125173600
4495.0,26,125,121400,26125121400
2112.0,26,125,128700,26125128700
3242.0,26,125,134700,26125134700
3842.0,26,125,150900,26125150900
4407.0,26,125,159000,26125159000
4450.0,26,059,050400,26059050400
2302.0,26,059,050800,26059050800
4598.0,26,059,050500,26059050500
4018.0,26,059,051000,26059051000
3652.0,26,059,050600,26059050600
4768.0,26,059,050700,26059050700
3730.0,26,147,643000,26147643000
2434.0,26,147,652100,26147652100
5028.0,26,147,655100,26147655100
5765.0,26,147,630400,26147630400
1882.0,26,147,631100,26147631100
4048.0,26,147,649000,26147649000
2144.0,26,147,651200,26147651200
1119.0,26,147,650200,26147650200
6054.0,26,159,010200,26159010200
2233.0,26,159,010300,26159010300
7503.0,26,159,010900,26159010900
6716.0,26,159,011002,26159011002
3477.0,26,159,010500,26159010500
6784.0,26,159,010100,26159010100
3527.0,26,159,011500,26159011500
2846.0,26,159,010600,26159010600
4539.0,26,159,011300,26159011300
4515.0,26,159,011400,26159011400
5897.0,26,159,011600,26159011600
2573.0,26,159,010400,26159010400
3208.0,26,161,403400,26161403400
3149.0,26,161,403800,26161403800
2715.0,26,161,404300,26161404300
4451.0,26,161,404500,26161404500
2479.0,26,161,410500,26161410500
1232.0,26,161,410700,26161410700
3768.0,26,161,413000,26161413000
2871.0,26,161,411100,26161411100
2241.0,26,161,411700,26161411700
3180.0,26,161,412300,26161412300
3518.0,26,161,416000,26161416000
4557.0,26,161,416200,26161416200
4388.0,26,163,557700,26163557700
1953.0,26,163,558300,26163558300
3990.0,26,163,558500,26163558500
2575.0,26,163,558700,26163558700
5380.0,26,163,560200,26163560200
6907.0,26,163,561900,26163561900
2300.0,26,163,564900,26163564900
5334.0,26,163,565200,26163565200
1631.0,26,163,515400,26163515400
3620.0,26,163,515700,26163515700
925.0,26,163,516400,26163516400
2750.0,26,163,517500,26163517500
967.0,26,163,518500,26163518500
1625.0,26,163,523100,26163523100
5765.0,26,163,524200,26163524200
1608.0,26,163,526400,26163526400
2212.0,26,163,530100,26163530100
1708.0,26,163,530800,26163530800
1157.0,26,163,500400,26163500400
1340.0,26,163,504100,26163504100
2918.0,26,163,500800,26163500800
3115.0,26,163,501900,26163501900
2290.0,26,163,502000,26163502000
2203.0,26,163,504300,26163504300
1078.0,26,163,505000,26163505000
2113.0,26,163,506400,26163506400
4483.0,26,163,510500,26163510500
1405.0,26,163,511200,26163511200
1176.0,26,163,512600,26163512600
2282.0,26,163,514300,26163514300
3361.0,26,163,569300,26163569300
2574.0,26,163,569900,26163569900
4232.0,26,163,570100,26163570100
2956.0,26,163,570800,26163570800
2411.0,26,163,571700,26163571700
1515.0,26,081,002800,26081002800
4489.0,26,081,001700,26081001700
3963.0,26,081,002300,26081002300
3239.0,26,081,002400,26081002400
4530.0,26,081,001000,26081001000
2925.0,26,081,001500,26081001500
3820.0,26,081,003300,26081003300
3687.0,26,081,004000,26081004000
5936.0,26,081,010101,26081010101
5314.0,26,081,010401,26081010401
4193.0,26,081,010402,26081010402
4742.0,26,081,011301,26081011301
6599.0,26,081,012201,26081012201
7044.0,26,081,012202,26081012202
4100.0,26,081,012400,26081012400
4533.0,26,081,012702,26081012702
5607.0,26,081,013400,26081013400
6468.0,26,081,013900,26081013900
3250.0,26,081,014300,26081014300
2483.0,26,081,001400,26081001400
1872.0,26,081,002000,26081002000
3854.0,26,081,002600,26081002600
2381.0,26,081,011401,26081011401
3062.0,26,081,002100,26081002100
7204.0,26,081,011600,26081011600
4234.0,26,081,001102,26081001102
3358.0,26,081,001200,26081001200
4875.0,26,081,002500,26081002500
3625.0,26,081,002700,26081002700
5207.0,26,081,003400,26081003400
5046.0,26,081,004100,26081004100
4359.0,26,081,010200,26081010200
5348.0,26,081,010301,26081010301
5535.0,26,081,010700,26081010700
4488.0,26,081,011101,26081011101
7364.0,26,081,011801,26081011801
4462.0,26,013,000200,26013000200
0.0,26,013,990100,26013990100
4726.0,26,111,291602,26111291602
4118.0,26,013,000100,26013000100
2195.0,26,093,724001,26093724001
2388.0,26,093,724002,26093724002
1350.0,26,093,742401,26093742401
2798.0,26,093,730101,26093730101
2733.0,26,093,733601,26093733601
2104.0,26,093,742202,26093742202
3983.0,26,093,712601,26093712601
3040.0,26,093,712101,26093712101
2360.0,26,093,724003,26093724003
3645.0,26,093,712602,26093712602
3870.0,26,093,742402,26093742402
3528.0,26,091,060401,26091060401
9344.0,26,055,550700,26055550700
5994.0,26,055,550800,26055550800
4369.0,26,055,550200,26055550200
7249.0,26,055,550300,26055550300
3087.0,26,055,551200,26055551200
0.0,26,017,990000,26017990000
3930.0,26,017,285202,26017285202
5554.0,26,017,285201,26017285201
1875.0,26,017,286500,26017286500
4894.0,26,017,286600,26017286600
4788.0,26,125,121800,26125121800
0.0,26,125,981000,26125981000
5215.0,26,125,135300,26125135300
3868.0,26,125,145502,26125145502
0.0,26,099,990100,26099990100
3679.0,26,125,145501,26125145501
6632.0,26,125,138302,26125138302
2839.0,26,125,133001,26125133001
2174.0,26,061,000300,26061000300
3250.0,26,061,000400,26061000400
6164.0,26,061,000800,26061000800
0.0,26,109,990000,26109990000
0.0,26,041,990000,26041990000
0.0,26,041,990100,26041990100
3030.0,26,149,041102,26149041102
4324.0,26,149,041101,26149041101
0.0,26,031,990000,26031990000
4764.0,26,139,021901,26139021901
3095.0,26,035,001000,26035001000
1490.0,26,035,000500,26035000500
3264.0,26,035,000700,26035000700
3881.0,26,035,001300,26035001300
1781.0,26,079,950602,26079950602
2087.0,26,079,950601,26079950601
0.0,26,101,990000,26101990000
1795.0,26,101,000200,26101000200
2369.0,26,101,000400,26101000400
4248.0,26,101,000700,26101000700
3402.0,26,101,000800,26101000800
2106.0,26,101,000900,26101000900
2043.0,26,101,000300,26101000300
3720.0,26,101,000500,26101000500
3408.0,26,101,000100,26101000100
3098.0,26,093,742201,26093742201
3304.0,26,093,741602,26093741602
1873.0,26,093,741601,26093741601
2727.0,26,093,712102,26093712102
3743.0,26,093,733602,26093733602
4015.0,26,093,730102,26093730102
4425.0,26,077,006601,26077006601
7933.0,26,055,551300,26055551300
2705.0,26,077,006701,26077006701
3947.0,26,077,005501,26077005501
5480.0,26,077,005502,26077005502
3656.0,26,125,138301,26125138301
11.0,26,099,982000,26099982000
5266.0,26,055,551400,26055551400
3008.0,26,055,551500,26055551500
6709.0,26,055,550400,26055550400
4380.0,26,055,551000,26055551000
0.0,26,055,990000,26055990000
3573.0,26,055,550102,26055550102
6123.0,26,055,550101,26055550101
4912.0,26,055,550900,26055550900
3663.0,26,055,551100,26055551100
1557.0,26,135,970201,26135970201
5812.0,26,055,550500,26055550500
3875.0,26,129,950900,26129950900
0.0,26,115,990000,26115990000
0.0,26,029,990000,26029990000
594.0,26,029,000500,26029000500
4175.0,26,065,006302,26065006302
2990.0,26,125,133003,26125133003
3968.0,26,065,005402,26065005402
3192.0,26,065,006402,26065006402
3571.0,26,077,006102,26077006102
2913.0,26,061,001000,26061001000
3070.0,26,061,000200,26061000200
3488.0,26,125,135200,26125135200
6240.0,26,077,006702,26077006702
4221.0,26,077,003500,26077003500
3778.0,26,081,012608,26081012608
5623.0,26,081,011406,26081011406
3150.0,26,081,011405,26081011405
5714.0,26,081,012607,26081012607
4024.0,26,051,000800,26051000800
1890.0,26,051,000300,26051000300
1816.0,26,051,000900,26051000900
1845.0,26,051,000600,26051000600
1414.0,26,051,000200,26051000200
4566.0,26,051,000700,26051000700
3691.0,26,051,000500,26051000500
4211.0,26,027,002000,26027002000
2768.0,26,051,000100,26051000100
3310.0,26,051,000400,26051000400
5206.0,26,027,001700,26027001700
5100.0,26,027,001900,26027001900
5535.0,26,027,002100,26027002100
5946.0,26,027,002200,26027002200
8272.0,26,027,001800,26027001800
3555.0,26,027,001600,26027001600
1471.0,26,071,000200,26071000200
2197.0,26,071,000400,26071000400
2403.0,26,071,000100,26071000100
2386.0,26,071,000500,26071000500
3878.0,26,125,144701,26125144701
5074.0,26,125,197701,26125197701
2026.0,26,125,197702,26125197702
5679.0,26,125,121700,26125121700
0.0,26,163,985700,26163985700
3063.0,26,163,574202,26163574202
0.0,26,163,985000,26163985000
6800.0,26,163,564504,26163564504
3354.0,26,163,564503,26163564503
3653.0,26,163,564502,26163564502
3060.0,26,163,591501,26163591501
2975.0,26,163,591502,26163591502
4.0,26,163,985400,26163985400
2166.0,26,019,000400,26019000400
2827.0,26,069,000600,26069000600
2756.0,26,069,000300,26069000300
1629.0,26,069,000800,26069000800
0.0,26,069,990000,26069990000
3233.0,26,069,000400,26069000400
3689.0,26,069,000500,26069000500
2834.0,26,069,000700,26069000700
1898.0,26,069,000900,26069000900
1669.0,26,049,013600,26049013600
5554.0,26,049,013500,26049013500
2101.0,26,161,413403,26161413403
20.0,26,161,984000,26161984000
2834.0,26,071,000300,26071000300
0.0,26,033,990000,26033990000
0.0,26,033,990100,26033990100
0.0,26,033,980100,26033980100
3969.0,26,069,000200,26069000200
1592.0,26,033,980200,26033980200
194.0,26,033,980300,26033980300
5282.0,26,023,951300,26023951300
2482.0,26,069,000100,26069000100
0.0,26,089,990000,26089990000
0.0,26,001,990000,26001990000
2425.0,26,001,970100,26001970100
2802.0,26,001,970400,26001970400
2127.0,26,161,446200,26161446200
3625.0,26,087,342100,26087342100
3735.0,26,161,412000,26161412000
3533.0,26,161,411900,26161411900
3042.0,26,161,446400,26161446400
4448.0,26,161,413401,26161413401
5481.0,26,161,413402,26161413402
1983.0,26,107,981300,26107981300
984.0,26,163,527300,26163527300
572.0,26,163,527200,26163527200
1644.0,26,135,970202,26135970202
0.0,26,131,990100,26131990100
813.0,26,163,525000,26163525000
1733.0,26,163,530900,26163530900
4657.0,26,163,579900,26163579900
5241.0,26,163,552800,26163552800
4720.0,26,121,000401,26121000401
4326.0,26,121,000402,26121000402
3766.0,26,121,004200,26121004200
1768.0,26,121,004300,26121004300
0.0,26,121,990000,26121990000
3091.0,26,163,533900,26163533900
2915.0,26,163,568800,26163568800
3625.0,26,163,567201,26163567201
0.0,26,157,990000,26157990000
3159.0,26,157,000200,26157000200
3329.0,26,157,000300,26157000300
3368.0,26,157,000400,26157000400
4925.0,26,157,000500,26157000500
4424.0,26,157,000600,26157000600
4756.0,26,157,001300,26157001300
5540.0,26,157,001000,26157001000
3243.0,26,157,001100,26157001100
3473.0,26,157,000700,26157000700
3811.0,26,157,000800,26157000800
4090.0,26,157,000100,26157000100
4566.0,26,157,001200,26157001200
4885.0,26,157,000900,26157000900
0.0,26,141,990000,26141990000
2349.0,26,125,168800,26125168800
5138.0,26,125,168900,26125168900
4915.0,26,057,000200,26057000200
5386.0,26,057,000500,26057000500
4237.0,26,057,000600,26057000600
3316.0,26,057,000900,26057000900
4193.0,26,057,000800,26057000800
4112.0,26,057,001000,26057001000
3117.0,26,163,567202,26163567202
2162.0,26,025,004100,26025004100
2254.0,26,119,910100,26119910100
3440.0,26,045,020303,26045020303
0.0,26,021,990000,26021990000
0.0,26,097,990000,26097990000
5687.0,26,075,006804,26075006804
2661.0,26,075,006304,26075006304
4731.0,26,075,006303,26075006303
2830.0,26,075,006803,26075006803
5156.0,26,163,564401,26163564401
2439.0,26,163,517300,26163517300
3598.0,26,163,513700,26163513700
3011.0,26,163,568900,26163568900
0.0,26,163,985500,26163985500
2074.0,26,163,518900,26163518900
14.0,26,049,980000,26049980000
0.0,26,153,990000,26153990000
1983.0,26,163,573701,26163573701
4637.0,26,163,564402,26163564402
4689.0,26,163,564501,26163564501
1291.0,26,163,524900,26163524900
6481.0,26,163,573702,26163573702
5009.0,26,045,020304,26045020304
4904.0,26,045,021402,26045021402
4448.0,26,045,020404,26045020404
3485.0,26,045,021202,26045021202
3497.0,26,045,020602,26045020602
3981.0,26,045,021002,26045021002
3973.0,26,045,020902,26045020902
0.0,26,053,990000,26053990000
0.0,26,011,990000,26011990000
0.0,26,011,990100,26011990100
106.0,26,163,985300,26163985300
4498.0,26,035,000800,26035000800
3744.0,26,035,000600,26035000600
1531.0,26,035,000100,26035000100
1300.0,26,035,000200,26035000200
2453.0,26,035,000300,26035000300
3520.0,26,035,000400,26035000400
1821.0,26,035,000900,26035000900
4149.0,26,015,010402,26015010402
3349.0,26,015,010401,26015010401
1758.0,26,119,910300,26119910300
2291.0,26,119,910400,26119910400
1413.0,26,119,910500,26119910500
1574.0,26,119,910200,26119910200
3314.0,26,057,000700,26057000700
3908.0,26,057,000100,26057000100
4235.0,26,057,000300,26057000300
3703.0,26,057,000400,26057000400
0.0,26,163,985900,26163985900
0.0,26,163,985200,26163985200
0.0,26,163,990100,26163990100
0.0,26,163,990200,26163990200
265.0,26,163,985100,26163985100
1498.0,26,001,970600,26001970600
1971.0,26,001,970500,26001970500
1717.0,26,001,000100,26001000100
3230.0,26,045,021302,26045021302
3270.0,26,045,020901,26045020901
3472.0,26,045,021401,26045021401
2662.0,26,045,020403,26045020403
3810.0,26,045,020601,26045020601
4802.0,26,045,021001,26045021001
2991.0,26,045,021301,26045021301
3008.0,26,045,021201,26045021201
2432.0,26,153,000100,26153000100
2620.0,26,153,000200,26153000200
7904.0,26,015,011300,26015011300
2908.0,26,027,001100,26027001100
2960.0,26,027,001200,26027001200
3764.0,26,027,001000,26027001000
3940.0,26,027,001500,26027001500
2825.0,26,163,554500,26163554500
2582.0,26,163,555600,26163555600
2755.0,26,163,559000,26163559000
3340.0,26,163,562900,26163562900
1994.0,26,163,563600,26163563600
4261.0,26,163,564100,26163564100
2563.0,26,163,569800,26163569800
2672.0,26,163,565900,26163565900
4039.0,26,163,568300,26163568300
3302.0,26,163,568700,26163568700
3424.0,26,163,570500,26163570500
1831.0,26,163,572000,26163572000
3348.0,26,163,573400,26163573400
3525.0,26,163,577500,26163577500
2621.0,26,163,583500,26163583500
1875.0,26,163,585500,26163585500
2487.0,26,151,970200,26151970200
1737.0,26,131,970100,26131970100
1867.0,26,131,970300,26131970300
2468.0,26,131,970200,26131970200
5012.0,26,163,583400,26163583400
3122.0,26,163,577300,26163577300
3777.0,26,163,580900,26163580900
3576.0,26,163,581100,26163581100
4321.0,26,163,584000,26163584000
3471.0,26,163,585600,26163585600
2790.0,26,163,585900,26163585900
3950.0,26,163,589300,26163589300
5619.0,26,163,593000,26163593000
3830.0,26,163,595000,26163595000
4344.0,26,163,568500,26163568500
3461.0,26,163,569600,26163569600
2800.0,26,163,570200,26163570200
3016.0,26,163,571900,26163571900
2397.0,26,163,517200,26163517200
2477.0,26,163,520700,26163520700
4785.0,26,163,523800,26163523800
3348.0,26,163,524000,26163524000
3621.0,26,163,524100,26163524100
2422.0,26,163,525400,26163525400
5487.0,26,163,525700,26163525700
1918.0,26,163,526500,26163526500
1490.0,26,163,530300,26163530300
1694.0,26,163,531700,26163531700
1859.0,26,163,532600,26163532600
2476.0,26,075,005000,26075005000
7164.0,26,075,005600,26075005600
5068.0,26,075,005800,26075005800
5014.0,26,075,006701,26075006701
1558.0,26,103,001900,26103001900
2254.0,26,103,002000,26103002000
3296.0,26,103,002200,26103002200
2285.0,26,103,001600,26103001600
4958.0,26,123,971000,26123971000
4679.0,26,123,971200,26123971200
3701.0,26,123,970300,26123970300
5302.0,26,123,970400,26123970400
4097.0,26,123,970600,26123970600
4384.0,26,123,970700,26123970700
4328.0,26,123,970900,26123970900
4599.0,26,123,970500,26123970500
2048.0,26,137,950400,26137950400
3276.0,26,137,950500,26137950500
2199.0,26,025,003400,26025003400
1907.0,26,025,000300,26025000300
3205.0,26,025,000500,26025000500
2829.0,26,025,000700,26025000700
2970.0,26,025,000800,26025000800
3894.0,26,025,001900,26025001900
3379.0,26,025,002200,26025002200
3420.0,26,059,051200,26059051200
3847.0,26,059,051100,26059051100
4550.0,26,059,050100,26059050100
2308.0,26,059,050300,26059050300
4891.0,26,059,050900,26059050900
3105.0,26,059,050200,26059050200
3362.0,26,121,002100,26121002100
3810.0,26,121,002200,26121002200
7090.0,26,121,002500,26121002500
4532.0,26,121,003100,26121003100
5721.0,26,121,003700,26121003700
2364.0,26,121,001300,26121001300
5450.0,26,121,003200,26121003200
3971.0,26,121,003400,26121003400
3953.0,26,121,003500,26121003500
6728.0,26,121,003600,26121003600
4712.0,26,121,000500,26121000500
1756.0,26,121,000601,26121000601
3794.0,26,121,001500,26121001500
3559.0,26,121,003800,26121003800
2006.0,26,121,004000,26121004000
4560.0,26,139,021603,26139021603
7506.0,26,139,021604,26139021604
6449.0,26,139,022900,26139022900
2631.0,26,139,023200,26139023200
3871.0,26,143,971000,26143971000
2563.0,26,143,970700,26143970700
2765.0,26,143,971100,26143971100
1883.0,26,143,970100,26143970100
886.0,26,143,970500,26143970500
2120.0,26,143,970600,26143970600
1769.0,26,143,970200,26143970200
2063.0,26,143,970400,26143970400
3115.0,26,143,970300,26143970300
3106.0,26,163,524800,26163524800
2808.0,26,163,526100,26163526100
3359.0,26,163,526300,26163526300
1639.0,26,163,534300,26163534300
3266.0,26,163,593300,26163593300
1913.0,26,163,534600,26163534600
3798.0,26,163,537600,26163537600
3880.0,26,163,587000,26163587000
3025.0,26,163,582000,26163582000
2342.0,26,163,536400,26163536400
3725.0,26,163,540500,26163540500
4943.0,26,163,500700,26163500700
3594.0,26,163,576400,26163576400
5241.0,26,163,578600,26163578600
2933.0,26,163,584400,26163584400
4670.0,26,163,592000,26163592000
2273.0,26,163,540800,26163540800
4254.0,26,163,558000,26163558000
2210.0,26,163,561700,26163561700
1827.0,26,163,503900,26163503900
2897.0,26,163,540400,26163540400
3339.0,26,163,568400,26163568400
3027.0,26,163,524300,26163524300
3857.0,26,163,584200,26163584200
1715.0,26,163,503600,26163503600
2141.0,26,163,506100,26163506100
1368.0,26,163,531400,26163531400
2482.0,26,163,536300,26163536300
767.0,26,163,553200,26163553200
3564.0,26,163,556600,26163556600
3217.0,26,163,560300,26163560300
3491.0,26,163,565100,26163565100
4093.0,26,163,596200,26163596200
2017.0,26,163,539100,26163539100
2581.0,26,163,541800,26163541800
2120.0,26,023,950900,26023950900
3017.0,26,023,951100,26023951100
3787.0,26,023,950100,26023950100
4397.0,26,139,020900,26139020900
4575.0,26,139,021700,26139021700
1998.0,26,139,022600,26139022600
5217.0,26,139,020100,26139020100
11202.0,26,139,023100,26139023100
4376.0,26,139,020200,26139020200
3380.0,26,139,020600,26139020600
8500.0,26,139,021500,26139021500
4345.0,26,139,020400,26139020400
5461.0,26,139,021000,26139021000
4742.0,26,139,021100,26139021100
8019.0,26,139,021400,26139021400
4469.0,26,075,005100,26075005100
6217.0,26,075,006100,26075006100
7161.0,26,075,006402,26075006402
6669.0,26,075,006500,26075006500
4872.0,26,075,006600,26075006600
3184.0,26,075,006801,26075006801
2992.0,26,075,006401,26075006401
7152.0,26,075,006000,26075006000
4036.0,26,075,000400,26075000400
6743.0,26,075,006200,26075006200
3279.0,26,075,000200,26075000200
6647.0,26,075,005200,26075005200
4040.0,26,075,005900,26075005900
4816.0,26,075,005500,26075005500
1721.0,26,075,000500,26075000500
1748.0,26,097,950300,26097950300
2350.0,26,097,950500,26097950500
2213.0,26,097,950200,26097950200
3022.0,26,097,950400,26097950400
1503.0,26,097,950100,26097950100
1399.0,26,049,001100,26049001100
1258.0,26,049,001500,26049001500
1484.0,26,049,001700,26049001700
2113.0,26,049,001800,26049001800
2223.0,26,049,003100,26049003100
2145.0,26,049,003300,26049003300
2541.0,26,049,010110,26049010110
4742.0,26,115,832300,26115832300
3837.0,26,049,010504,26049010504
2401.0,26,115,831100,26115831100
6864.0,26,115,831200,26115831200
4498.0,26,115,833000,26115833000
2957.0,26,115,830600,26115830600
6782.0,26,115,830800,26115830800
1390.0,26,115,831900,26115831900
1773.0,26,115,832200,26115832200
4343.0,26,115,832500,26115832500
2644.0,26,115,832700,26115832700
4490.0,26,115,832900,26115832900
6481.0,26,115,833300,26115833300
2509.0,26,115,830900,26115830900
3199.0,26,115,831600,26115831600
3995.0,26,115,831700,26115831700
1531.0,26,115,832000,26115832000
4468.0,26,115,832400,26115832400
4273.0,26,115,833200,26115833200
5086.0,26,115,833500,26115833500
3570.0,26,115,830700,26115830700
5386.0,26,115,833900,26115833900
5170.0,26,115,833100,26115833100
5205.0,26,005,030402,26005030402
5173.0,26,005,030702,26005030702
5889.0,26,005,031000,26005031000
4464.0,26,005,031800,26005031800
7641.0,26,005,030401,26005030401
7585.0,26,005,030500,26005030500
5151.0,26,005,031900,26005031900
5205.0,26,005,032000,26005032000
4635.0,26,005,032100,26005032100
4700.0,26,005,031300,26005031300
7615.0,26,005,030300,26005030300
5149.0,26,005,030600,26005030600
3809.0,26,111,290300,26111290300
4269.0,26,111,291500,26111291500
4236.0,26,111,291700,26111291700
2511.0,26,111,290600,26111290600
3617.0,26,111,290700,26111290700
1907.0,26,111,290500,26111290500
8149.0,26,111,290900,26111290900
6072.0,26,111,291000,26111291000
4504.0,26,111,291300,26111291300
3710.0,26,111,290100,26111290100
3639.0,26,111,290200,26111290200
2302.0,26,111,290400,26111290400
9449.0,26,111,291102,26111291102
3654.0,26,111,291101,26111291101
3895.0,26,111,291400,26111291400
4966.0,26,111,290800,26111290800
5542.0,26,111,291200,26111291200
2621.0,26,021,020300,26021020300
5320.0,26,021,021000,26021021000
1975.0,26,021,021100,26021021100
1587.0,26,021,021200,26021021200
2309.0,26,021,000400,26021000400
4458.0,26,021,001400,26021001400
1623.0,26,021,001900,26021001900
4137.0,26,021,001100,26021001100
2354.0,26,021,001600,26021001600
2335.0,26,021,010500,26021010500
2756.0,26,021,011000,26021011000
5361.0,26,021,011100,26021011100
1459.0,26,021,011500,26021011500
5348.0,26,021,020200,26021020200
3071.0,26,021,020700,26021020700
5306.0,26,021,021300,26021021300
4767.0,26,021,001800,26021001800
3408.0,26,021,002000,26021002000
721.0,26,163,532700,26163532700
1046.0,26,163,533200,26163533200
891.0,26,163,533700,26163533700
3046.0,26,163,521900,26163521900
2224.0,26,163,516900,26163516900
1215.0,26,163,521400,26163521400
943.0,26,163,522400,26163522400
3444.0,26,163,526200,26163526200
4065.0,26,163,523200,26163523200
3930.0,26,163,524700,26163524700
2017.0,26,163,525800,26163525800
2211.0,26,163,530500,26163530500
925.0,26,163,531100,26163531100
2522.0,26,163,531200,26163531200
1880.0,26,163,531600,26163531600
1137.0,26,163,533300,26163533300
3452.0,26,163,534200,26163534200
2295.0,26,163,535200,26163535200
2959.0,26,163,536600,26163536600
2996.0,26,163,536900,26163536900
637.0,26,163,537200,26163537200
2931.0,26,163,539600,26163539600
2355.0,26,163,544300,26163544300
3976.0,26,163,542100,26163542100
1869.0,26,163,542300,26163542300
2229.0,26,163,544000,26163544000
3923.0,26,163,545500,26163545500
1992.0,26,163,546300,26163546300
2364.0,26,163,551500,26163551500
4209.0,26,163,554100,26163554100
3523.0,26,163,556100,26163556100
3932.0,26,163,556900,26163556900
2698.0,26,163,558800,26163558800
2247.0,26,163,562300,26163562300
3555.0,26,163,567100,26163567100
3115.0,26,163,563200,26163563200
2339.0,26,163,563900,26163563900
2828.0,26,049,010912,26049010912
5620.0,26,049,011010,26049011010
5823.0,26,049,011214,26049011214
6801.0,26,049,011610,26049011610
3042.0,26,049,011800,26049011800
2627.0,26,049,012006,26049012006
1636.0,26,049,012007,26049012007
2593.0,26,049,012009,26049012009
1148.0,26,049,012202,26049012202
5812.0,26,049,013204,26049013204
2855.0,26,049,013111,26049013111
3182.0,26,123,970800,26123970800
4427.0,26,123,970100,26123970100
4242.0,26,123,971100,26123971100
4073.0,26,133,970100,26133970100
3356.0,26,133,970400,26133970400
4255.0,26,133,970200,26133970200
3012.0,26,133,970300,26133970300
4202.0,26,133,970500,26133970500
4323.0,26,133,970600,26133970600
5390.0,26,137,950300,26137950300
4859.0,26,137,950600,26137950600
2758.0,26,137,950100,26137950100
5916.0,26,137,950200,26137950200
1163.0,26,121,001000,26121001000
5507.0,26,121,002300,26121002300
1896.0,26,121,003900,26121003900
4798.0,26,121,000100,26121000100
2315.0,26,121,001200,26121001200
4951.0,26,121,001700,26121001700
4708.0,26,121,001800,26121001800
3344.0,26,121,002400,26121002400
6288.0,26,121,002800,26121002800
3004.0,26,121,000300,26121000300
1428.0,26,161,421900,26161421900
5038.0,26,161,454000,26161454000
2271.0,26,161,402500,26161402500
1475.0,26,161,403100,26161403100
5438.0,26,161,403600,26161403600
5094.0,26,161,404600,26161404600
4106.0,26,161,410300,26161410300
1724.0,26,161,410800,26161410800
3481.0,26,161,414900,26161414900
5094.0,26,161,455000,26161455000
3000.0,26,161,400800,26161400800
4951.0,26,161,402200,26161402200
2300.0,26,161,400100,26161400100
3223.0,26,161,400400,26161400400
2745.0,26,161,400700,26161400700
2873.0,26,161,402100,26161402100
2791.0,26,161,403500,26161403500
5449.0,26,161,405300,26161405300
1998.0,26,161,405400,26161405400
2171.0,26,161,405500,26161405500
4793.0,26,161,405600,26161405600
2441.0,26,161,410200,26161410200
3360.0,26,161,412100,26161412100
5560.0,26,161,412700,26161412700
4451.0,26,161,413200,26161413200
1910.0,26,161,415200,26161415200
3554.0,26,161,415800,26161415800
3470.0,26,161,420200,26161420200
7339.0,26,161,422200,26161422200
4979.0,26,161,432000,26161432000
0.0,26,061,990100,26061990100
3941.0,26,093,742900,26093742900
2784.0,26,093,743700,26093743700
1961.0,26,093,744600,26093744600
4234.0,26,093,711000,26093711000
3737.0,26,093,713500,26093713500
2204.0,26,093,740500,26093740500
3046.0,26,093,740600,26093740600
1936.0,26,093,740900,26093740900
4524.0,26,125,160900,26125160900
2756.0,26,125,161700,26125161700
4031.0,26,125,162300,26125162300
3978.0,26,125,165100,26125165100
5548.0,26,125,167000,26125167000
2651.0,26,125,167900,26125167900
2663.0,26,125,170300,26125170300
4515.0,26,125,171000,26125171000
3359.0,26,125,171300,26125171300
2942.0,26,125,125600,26125125600
4812.0,26,125,126300,26125126300
3370.0,26,125,128500,26125128500
3974.0,26,125,131500,26125131500
6439.0,26,125,141500,26125141500
3464.0,26,125,170200,26125170200
5977.0,26,125,132100,26125132100
5203.0,26,125,138100,26125138100
5376.0,26,125,141000,26125141000
3503.0,26,125,132500,26125132500
4765.0,26,125,133100,26125133100
2791.0,26,125,145700,26125145700
3044.0,26,125,141100,26125141100
3920.0,26,125,141300,26125141300
1771.0,26,125,142100,26125142100
3339.0,26,125,150100,26125150100
2747.0,26,125,150600,26125150600
4391.0,26,125,150700,26125150700
3021.0,26,125,152700,26125152700
2512.0,26,125,154500,26125154500
4467.0,26,125,156100,26125156100
3486.0,26,125,157800,26125157800
2849.0,26,125,157900,26125157900
4686.0,26,125,160600,26125160600
4853.0,26,125,161200,26125161200
7400.0,26,125,171400,26125171400
5518.0,26,125,171500,26125171500
1690.0,26,125,173300,26125173300
3564.0,26,125,180200,26125180200
3198.0,26,125,181400,26125181400
4379.0,26,125,183100,26125183100
3391.0,26,125,183200,26125183200
2864.0,26,091,061302,26091061302
3873.0,26,091,061600,26091061600
3806.0,26,091,061800,26091061800
3385.0,26,091,060800,26091060800
1734.0,26,091,061200,26091061200
3742.0,26,091,060100,26091060100
1237.0,26,163,535700,26163535700
1701.0,26,163,535100,26163535100
3138.0,26,163,536100,26163536100
2054.0,26,163,538200,26163538200
2933.0,26,163,540100,26163540100
3128.0,26,163,567900,26163567900
2727.0,26,163,569500,26163569500
4254.0,26,163,572700,26163572700
4491.0,26,163,573500,26163573500
4250.0,26,163,574100,26163574100
4077.0,26,163,575000,26163575000
2212.0,26,163,565600,26163565600
2908.0,26,163,566800,26163566800
2062.0,26,163,536200,26163536200
1190.0,26,163,533500,26163533500
2938.0,26,163,535500,26163535500
3743.0,26,163,539300,26163539300
3393.0,26,163,539500,26163539500
3811.0,26,163,540300,26163540300
3753.0,26,163,540700,26163540700
3349.0,26,163,540900,26163540900
3562.0,26,163,542600,26163542600
5206.0,26,163,510600,26163510600
1811.0,26,163,510700,26163510700
1337.0,26,163,512200,26163512200
1278.0,26,163,512400,26163512400
1200.0,26,163,513600,26163513600
3065.0,26,163,515300,26163515300
4322.0,26,077,000300,26077000300
5113.0,26,077,000600,26077000600
1656.0,26,077,001603,26077001603
3994.0,26,077,001702,26077001702
6252.0,26,077,002003,26077002003
4054.0,26,077,002004,26077002004
2859.0,26,077,001200,26077001200
6027.0,26,077,001905,26077001905
3826.0,26,077,002002,26077002002
3879.0,26,077,002901,26077002901
8549.0,26,077,003003,26077003003
6352.0,26,077,003302,26077003302
4837.0,26,077,002601,26077002601
4862.0,26,077,001503,26077001503
7815.0,26,077,002101,26077002101
8075.0,26,077,002202,26077002202
2567.0,26,049,003700,26049003700
1320.0,26,049,010111,26049010111
4817.0,26,049,010810,26049010810
5053.0,26,049,011211,26049011211
2393.0,26,049,000700,26049000700
2741.0,26,049,002600,26049002600
4854.0,26,049,010305,26049010305
2303.0,26,049,010503,26049010503
2175.0,26,049,013110,26049013110
2334.0,26,049,011505,26049011505
2916.0,26,049,012008,26049012008
2566.0,26,049,012201,26049012201
1907.0,26,049,012802,26049012802
5732.0,26,049,013301,26049013301
5850.0,26,049,013401,26049013401
5552.0,26,049,013202,26049013202
859.0,26,049,000800,26049000800
3482.0,26,049,001200,26049001200
2733.0,26,049,002800,26049002800
1360.0,26,049,003800,26049003800
2590.0,26,049,010604,26049010604
2713.0,26,049,001300,26049001300
3058.0,26,049,002400,26049002400
2088.0,26,049,002900,26049002900
2201.0,26,049,003200,26049003200
5815.0,26,049,003600,26049003600
5021.0,26,005,030800,26005030800
5666.0,26,005,031200,26005031200
6399.0,26,005,031100,26005031100
2384.0,26,125,162400,26125162400
2776.0,26,125,160400,26125160400
3807.0,26,125,161400,26125161400
3452.0,26,125,162000,26125162000
2990.0,26,125,165000,26125165000
3502.0,26,125,166100,26125166100
5540.0,26,125,167500,26125167500
2845.0,26,125,170100,26125170100
4241.0,26,125,173000,26125173000
5445.0,26,125,175100,26125175100
4336.0,26,125,181000,26125181000
3556.0,26,125,183000,26125183000
4385.0,26,125,184200,26125184200
2869.0,26,125,184400,26125184400
3931.0,26,125,196400,26125196400
2371.0,26,125,184500,26125184500
2365.0,26,125,187000,26125187000
3989.0,26,125,188000,26125188000
6093.0,26,125,192200,26125192200
3231.0,26,125,192500,26125192500
3150.0,26,125,192700,26125192700
3620.0,26,125,197200,26125197200
1914.0,26,125,197400,26125197400
4061.0,26,125,197500,26125197500
3454.0,26,125,128600,26125128600
2163.0,26,125,122900,26125122900
1747.0,26,125,127200,26125127200
1738.0,26,125,127400,26125127400
3170.0,26,125,130000,26125130000
2393.0,26,125,130100,26125130100
5804.0,26,125,130200,26125130200
2973.0,26,125,130600,26125130600
2244.0,26,125,131100,26125131100
2202.0,26,021,002500,26021002500
6635.0,26,021,010200,26021010200
1905.0,26,021,000900,26021000900
1727.0,26,021,001000,26021001000
2231.0,26,021,001300,26021001300
1851.0,26,021,011600,26021011600
3409.0,26,021,020900,26021020900
3817.0,26,021,021400,26021021400
2735.0,26,021,000700,26021000700
3091.0,26,021,001500,26021001500
2229.0,26,021,002300,26021002300
3622.0,26,021,010100,26021010100
5045.0,26,021,010600,26021010600
3093.0,26,021,011200,26021011200
2192.0,26,021,000300,26021000300
1752.0,26,021,000500,26021000500
5349.0,26,021,000800,26021000800
1885.0,26,021,002400,26021002400
4274.0,26,021,011300,26021011300
2430.0,26,021,011400,26021011400
2520.0,26,021,020100,26021020100
3424.0,26,021,000600,26021000600
2807.0,26,021,002200,26021002200
2818.0,26,021,010400,26021010400
3742.0,26,021,020400,26021020400
5008.0,26,081,012004,26081012004
3169.0,26,081,012605,26081012605
5340.0,26,081,012606,26081012606
4971.0,26,081,012902,26081012902
1497.0,26,081,013801,26081013801
10693.0,26,081,014602,26081014602
8279.0,26,081,014807,26081014807
3116.0,26,081,000700,26081000700
3254.0,26,081,000900,26081000900
4677.0,26,081,003700,26081003700
2585.0,26,081,010102,26081010102
2890.0,26,021,020500,26021020500
4860.0,26,021,010300,26021010300
3263.0,26,021,020600,26021020600
2291.0,26,021,002100,26021002100
4664.0,26,021,001700,26021001700
2282.0,26,129,950100,26129950100
1565.0,26,129,950300,26129950300
2667.0,26,129,950600,26129950600
2863.0,26,129,950400,26129950400
4644.0,26,129,950500,26129950500
2041.0,26,163,566600,26163566600
3881.0,26,163,568200,26163568200
4407.0,26,163,569700,26163569700
2423.0,26,163,575100,26163575100
1478.0,26,163,580800,26163580800
6009.0,26,163,581600,26163581600
2503.0,26,163,583200,26163583200
2782.0,26,163,546000,26163546000
1249.0,26,163,546400,26163546400
1619.0,26,163,501200,26163501200
3015.0,26,163,503100,26163503100
2451.0,26,163,503200,26163503200
1208.0,26,163,503400,26163503400
2933.0,26,163,505200,26163505200
3816.0,26,163,506800,26163506800
2182.0,26,163,557300,26163557300
3108.0,26,163,557000,26163557000
4007.0,26,163,558400,26163558400
1784.0,26,163,558900,26163558900
2133.0,26,163,559200,26163559200
3996.0,26,163,561600,26163561600
3207.0,26,163,563800,26163563800
6523.0,26,163,591700,26163591700
3195.0,26,163,594300,26163594300
2562.0,26,163,594400,26163594400
4536.0,26,163,597000,26163597000
2737.0,26,163,584500,26163584500
1720.0,26,163,585700,26163585700
2115.0,26,163,591600,26163591600
4322.0,26,163,594100,26163594100
2594.0,26,163,595200,26163595200
3321.0,26,163,503300,26163503300
2818.0,26,163,500600,26163500600
3496.0,26,163,504900,26163504900
3454.0,26,049,010304,26049010304
2430.0,26,049,010501,26049010501
4696.0,26,049,010813,26049010813
8614.0,26,049,011101,26049011101
3074.0,26,049,011601,26049011601
2526.0,26,049,011710,26049011710
1493.0,26,049,012311,26049012311
2079.0,26,049,012501,26049012501
6200.0,26,049,012904,26049012904
2581.0,26,049,013001,26049013001
4526.0,26,049,013112,26049013112
5326.0,26,049,010610,26049010610
1793.0,26,049,011210,26049011210
3256.0,26,049,011401,26049011401
2920.0,26,049,012310,26049012310
4301.0,26,049,012704,26049012704
4673.0,26,049,012801,26049012801
3877.0,26,049,013113,26049013113
1956.0,26,049,013402,26049013402
4218.0,26,091,061301,26091061301
4708.0,26,091,061900,26091061900
7291.0,26,091,060700,26091060700
9235.0,26,091,061700,26091061700
6155.0,26,091,061500,26091061500
2745.0,26,091,062000,26091062000
3678.0,26,091,061400,26091061400
4616.0,26,105,950400,26105950400
5192.0,26,105,950600,26105950600
2499.0,26,105,950100,26105950100
3513.0,26,105,950200,26105950200
3048.0,26,105,950700,26105950700
3449.0,26,105,950300,26105950300
3595.0,26,105,950500,26105950500
2888.0,26,105,950800,26105950800
3901.0,26,109,960200,26109960200
3859.0,26,109,960600,26109960600
3047.0,26,109,960500,26109960500
3326.0,26,109,960700,26109960700
2335.0,26,109,960300,26109960300
3527.0,26,109,960100,26109960100
3394.0,26,109,960400,26109960400
2924.0,26,163,501100,26163501100
3298.0,26,163,501300,26163501300
2672.0,26,163,560100,26163560100
3224.0,26,163,562800,26163562800
5188.0,26,163,563400,26163563400
4015.0,26,163,564200,26163564200
4685.0,26,163,564700,26163564700
4766.0,26,163,565000,26163565000
3253.0,26,163,565700,26163565700
3617.0,26,163,565800,26163565800
1002.0,26,163,566400,26163566400
5303.0,26,163,567800,26163567800
2584.0,26,163,569400,26163569400
1877.0,26,163,571600,26163571600
3976.0,26,163,573100,26163573100
4644.0,26,163,573300,26163573300
7023.0,26,163,573600,26163573600
4752.0,26,163,573800,26163573800
5188.0,26,163,573900,26163573900
3469.0,26,163,574300,26163574300
4017.0,26,163,574800,26163574800
3533.0,26,163,575300,26163575300
3825.0,26,163,576500,26163576500
4083.0,26,163,576600,26163576600
3104.0,26,163,577200,26163577200
2341.0,26,163,577700,26163577700
2870.0,26,163,580200,26163580200
3918.0,26,163,583100,26163583100
2788.0,26,163,583600,26163583600
4542.0,26,163,583800,26163583800
2012.0,26,163,586300,26163586300
6883.0,26,163,590400,26163590400
6594.0,26,163,590500,26163590500
6121.0,26,163,591800,26163591800
2074.0,26,163,513900,26163513900
2090.0,26,163,506200,26163506200
3492.0,26,163,506900,26163506900
583.0,26,163,510400,26163510400
1770.0,26,141,950100,26141950100
2480.0,26,141,950200,26141950200
2304.0,26,141,950400,26141950400
1976.0,26,125,157100,26125157100
3911.0,26,077,003400,26077003400
2820.0,26,077,000100,26077000100
2086.0,26,077,001803,26077001803
3997.0,26,125,160500,26125160500
4408.0,26,125,161800,26125161800
3282.0,26,125,162500,26125162500
3328.0,26,125,166800,26125166800
3753.0,26,125,166900,26125166900
3499.0,26,125,167300,26125167300
2241.0,26,125,168100,26125168100
2293.0,26,125,171200,26125171200
1653.0,26,125,172400,26125172400
2689.0,26,125,173200,26125173200
2698.0,26,125,180000,26125180000
2773.0,26,125,183400,26125183400
2885.0,26,125,184000,26125184000
2737.0,26,125,184300,26125184300
3862.0,26,125,190200,26125190200
3258.0,26,125,193000,26125193000
2874.0,26,125,194100,26125194100
4292.0,26,125,194600,26125194600
11783.0,26,081,010600,26081010600
8377.0,26,081,010801,26081010801
7207.0,26,081,010904,26081010904
4432.0,26,081,011200,26081011200
6250.0,26,081,011302,26081011302
2703.0,26,081,011403,26081011403
4724.0,26,081,011702,26081011702
4915.0,26,081,011803,26081011803
2530.0,26,081,000200,26081000200
4268.0,26,081,000600,26081000600
5845.0,26,081,001101,26081001101
5227.0,26,081,001900,26081001900
5506.0,26,081,003500,26081003500
2720.0,26,081,003600,26081003600
3690.0,26,081,003900,26081003900
6279.0,26,081,004600,26081004600
6134.0,26,081,010802,26081010802
4858.0,26,081,012500,26081012500
7198.0,26,081,013802,26081013802
7473.0,26,081,014502,26081014502
7226.0,26,081,014805,26081014805
8270.0,26,081,004500,26081004500
3682.0,26,081,003100,26081003100
4864.0,26,081,003800,26081003800
4196.0,26,081,004200,26081004200
4101.0,26,081,011001,26081011001
5172.0,26,081,011102,26081011102
5194.0,26,081,011701,26081011701
6705.0,26,081,012002,26081012002
4879.0,26,081,012203,26081012203
7035.0,26,081,012701,26081012701
7041.0,26,081,013700,26081013700
7095.0,26,081,014000,26081014000
4715.0,26,081,014703,26081014703
5520.0,26,081,014806,26081014806
5727.0,26,081,001600,26081001600
6200.0,26,081,001800,26081001800
2915.0,26,081,000400,26081000400
3157.0,26,081,000800,26081000800
7990.0,26,081,004400,26081004400
7421.0,26,081,011902,26081011902
5489.0,26,081,013100,26081013100
4898.0,26,081,002200,26081002200
7111.0,26,081,010903,26081010903
7496.0,26,081,011500,26081011500
8174.0,26,081,014601,26081014601
1139.0,26,081,002900,26081002900
2999.0,26,099,250700,26099250700
2605.0,26,099,250900,26099250900
2974.0,26,099,251700,26099251700
1675.0,26,099,255500,26099255500
2814.0,26,099,258000,26099258000
7419.0,26,099,215200,26099215200
4011.0,26,099,222500,26099222500
10321.0,26,099,223400,26099223400
4770.0,26,099,241000,26099241000
5230.0,26,099,232200,26099232200
4644.0,26,099,232300,26099232300
4092.0,26,099,240300,26099240300
3593.0,26,099,241500,26099241500
5259.0,26,099,241900,26099241900
4034.0,26,099,245100,26099245100
1594.0,26,099,251000,26099251000
3074.0,26,099,251600,26099251600
2780.0,26,099,252200,26099252200
4363.0,26,099,254200,26099254200
1507.0,26,099,256500,26099256500
3662.0,26,099,258100,26099258100
2745.0,26,099,260600,26099260600
2825.0,26,099,261400,26099261400
3481.0,26,099,262400,26099262400
5508.0,26,099,262500,26099262500
2040.0,26,099,262800,26099262800
5518.0,26,099,268000,26099268000
4016.0,26,099,206700,26099206700
2720.0,26,099,214000,26099214000
2515.0,26,099,255400,26099255400
2475.0,26,099,258700,26099258700
3121.0,26,099,260000,26099260000
3084.0,26,099,261500,26099261500
1445.0,26,099,267600,26099267600
6120.0,26,099,231400,26099231400
13561.0,26,099,224000,26099224000
8497.0,26,099,224200,26099224200
3312.0,26,099,228000,26099228000
4291.0,26,099,231800,26099231800
2428.0,26,099,240500,26099240500
6130.0,26,099,242500,26099242500
2283.0,26,099,250100,26099250100
3925.0,26,099,251800,26099251800
2135.0,26,099,252100,26099252100
2435.0,26,099,255800,26099255800
1789.0,26,099,256200,26099256200
2944.0,26,099,260100,26099260100
3061.0,26,099,261300,26099261300
4178.0,26,099,260400,26099260400
1389.0,26,099,261600,26099261600
3323.0,26,099,262000,26099262000
4846.0,26,099,263600,26099263600
4543.0,26,099,263700,26099263700
4318.0,26,099,215300,26099215300
1584.0,26,099,223500,26099223500
6110.0,26,099,224600,26099224600
4176.0,26,099,227300,26099227300
2781.0,26,099,268100,26099268100
2073.0,26,049,001000,26049001000
2889.0,26,049,000300,26049000300
1462.0,26,049,000400,26049000400
2019.0,26,049,000500,26049000500
4926.0,26,049,001600,26049001600
2792.0,26,049,001900,26049001900
3053.0,26,099,263800,26099263800
3467.0,26,099,263900,26099263900
4185.0,26,099,264200,26099264200
2221.0,26,099,260200,26099260200
3036.0,26,099,260300,26099260300
4714.0,26,099,261100,26099261100
5186.0,26,099,262700,26099262700
4295.0,26,099,263500,26099263500
4775.0,26,099,230800,26099230800
5130.0,26,099,231600,26099231600
5849.0,26,099,231900,26099231900
6777.0,26,099,232100,26099232100
5985.0,26,099,232400,26099232400
4246.0,26,099,240000,26099240000
5446.0,26,099,240400,26099240400
1743.0,26,099,240900,26099240900
2487.0,26,099,241600,26099241600
4295.0,26,099,245300,26099245300
1443.0,26,099,245400,26099245400
1013.0,26,099,247100,26099247100
2622.0,26,099,247400,26099247400
2786.0,26,099,250600,26099250600
2759.0,26,099,252000,26099252000
1663.0,26,099,254000,26099254000
5461.0,26,099,215000,26099215000
9213.0,26,099,224100,26099224100
4430.0,26,099,225600,26099225600
6970.0,26,099,225800,26099225800
5472.0,26,099,225900,26099225900
3394.0,26,099,230500,26099230500
6912.0,26,099,231700,26099231700
7069.0,26,099,240600,26099240600
3192.0,26,099,241400,26099241400
6395.0,26,099,247200,26099247200
2748.0,26,099,250200,26099250200
1554.0,26,099,250400,26099250400
2323.0,26,099,251300,26099251300
4052.0,26,099,255200,26099255200
1737.0,26,099,255900,26099255900
2238.0,26,099,256000,26099256000
1881.0,26,099,256300,26099256300
2017.0,26,099,258500,26099258500
4561.0,26,099,214500,26099214500
3716.0,26,099,258800,26099258800
2998.0,26,099,260700,26099260700
4780.0,26,099,260900,26099260900
2684.0,26,099,261200,26099261200
4437.0,26,099,262200,26099262200
2717.0,26,099,263200,26099263200
2043.0,26,099,264000,26099264000
2997.0,26,099,225100,26099225100
1201.0,26,099,221500,26099221500
5332.0,26,099,224400,26099224400
3730.0,26,099,230400,26099230400
5344.0,26,099,230700,26099230700
4350.0,26,099,231000,26099231000
3535.0,26,099,231200,26099231200
5465.0,26,099,233000,26099233000
4159.0,26,099,240700,26099240700
6015.0,26,099,240800,26099240800
5775.0,26,099,241800,26099241800
4594.0,26,099,243000,26099243000
6021.0,26,099,243500,26099243500
2024.0,26,099,250500,26099250500
7472.0,26,099,215500,26099215500
14936.0,26,099,223800,26099223800
4682.0,26,099,226700,26099226700
4962.0,26,099,230200,26099230200
4538.0,26,099,230300,26099230300
3640.0,26,099,231100,26099231100
2311.0,26,099,232000,26099232000
4337.0,26,099,232500,26099232500
1763.0,26,099,247500,26099247500
2337.0,26,099,250000,26099250000
2119.0,26,099,251100,26099251100
3238.0,26,099,251200,26099251200
4306.0,26,099,255000,26099255000
1638.0,26,099,255700,26099255700
3560.0,26,099,256600,26099256600
5169.0,26,099,258400,26099258400
2336.0,26,099,261700,26099261700
2983.0,26,099,261900,26099261900
1053.0,26,099,262100,26099262100
2405.0,26,099,262600,26099262600
4301.0,26,099,262900,26099262900
5476.0,26,099,212000,26099212000
6820.0,26,099,221100,26099221100
6325.0,26,099,221200,26099221200
3240.0,26,099,222800,26099222800
4155.0,26,099,224500,26099224500
7572.0,26,099,225400,26099225400
5604.0,26,099,225500,26099225500
7612.0,26,099,226100,26099226100
2671.0,26,099,258900,26099258900
2794.0,26,099,260800,26099260800
3518.0,26,099,261000,26099261000
3033.0,26,099,217000,26099217000
7653.0,26,099,218000,26099218000
6294.0,26,099,225200,26099225200
4626.0,26,099,225300,26099225300
2527.0,26,099,226400,26099226400
1561.0,26,099,228100,26099228100
5032.0,26,099,231500,26099231500
2509.0,26,099,241300,26099241300
5954.0,26,099,242000,26099242000
3623.0,26,099,245000,26099245000
2988.0,26,099,245200,26099245200
3243.0,26,099,250300,26099250300
3001.0,26,099,250800,26099250800
1855.0,26,099,251500,26099251500
4244.0,26,099,254500,26099254500
4106.0,26,099,255300,26099255300
3537.0,26,099,255600,26099255600
1372.0,26,099,256400,26099256400
1480.0,26,099,256800,26099256800
2461.0,26,099,258300,26099258300
4736.0,26,099,258600,26099258600
5232.0,26,099,221800,26099221800
7191.0,26,099,227000,26099227000
2226.0,26,099,244000,26099244000
2455.0,26,099,256100,26099256100
4479.0,26,099,262300,26099262300
6473.0,26,099,247300,26099247300
8155.0,26,099,223900,26099223900
4770.0,26,099,241200,26099241200
3282.0,26,099,255100,26099255100
2880.0,26,099,258200,26099258200
4525.0,26,099,210000,26099210000
4846.0,26,099,224300,26099224300
7921.0,26,099,230900,26099230900
5871.0,26,099,211000,26099211000
2677.0,26,099,242100,26099242100
2784.0,26,099,251900,26099251900
3873.0,26,099,263400,26099263400
3977.0,26,099,216000,26099216000
4276.0,26,099,230000,26099230000
4571.0,26,099,241700,26099241700
2778.0,26,099,251400,26099251400
2052.0,26,099,256700,26099256700
4346.0,26,099,254100,26099254100
2752.0,26,099,261800,26099261800
980.0,26,145,000100,26145000100
3647.0,26,145,000900,26145000900
5024.0,26,145,010200,26145010200
5438.0,26,145,010502,26145010502
2528.0,26,145,010800,26145010800
7032.0,26,145,011300,26145011300
2454.0,26,145,011702,26145011702
2803.0,26,145,000800,26145000800
2215.0,26,145,011800,26145011800
1591.0,26,145,012200,26145012200
4367.0,26,145,013000,26145013000
4179.0,26,145,002100,26145002100
9803.0,26,145,010100,26145010100
7779.0,26,145,010302,26145010302
1370.0,26,145,000200,26145000200
3395.0,26,145,002000,26145002000
1705.0,26,145,000700,26145000700
903.0,26,145,000400,26145000400
2648.0,26,145,001100,26145001100
4068.0,26,145,001500,26145001500
1571.0,26,145,001800,26145001800
1908.0,26,145,001900,26145001900
5917.0,26,155,030100,26155030100
2925.0,26,155,030700,26155030700
3308.0,26,155,030800,26155030800
6371.0,26,155,031500,26155031500
4125.0,26,155,031800,26155031800
3122.0,26,029,001200,26029001200
2375.0,26,029,000300,26029000300
2691.0,26,029,000400,26029000400
1931.0,26,029,000900,26029000900
1521.0,26,029,001300,26029001300
1147.0,26,029,001400,26029001400
1293.0,26,029,000200,26029000200
2884.0,26,029,000800,26029000800
3062.0,26,153,000300,26153000300
0.0,26,163,985600,26163985600
9800.0,26,055,550600,26055550600
5235.0,26,139,021304,26139021304
7101.0,26,139,021202,26139021202
5162.0,26,139,022001,26139022001
4393.0,26,139,022002,26139022002
2935.0,26,139,020504,26139020504
1431.0,26,139,022103,26139022103
3789.0,26,139,022106,26139022106
6154.0,26,139,022108,26139022108
5183.0,26,139,021606,26139021606
4221.0,26,139,021605,26139021605
4686.0,26,139,023500,26139023500
4402.0,26,139,021802,26139021802
5981.0,26,139,022105,26139022105
4348.0,26,023,951400,26023951400
7164.0,26,139,023002,26139023002
7679.0,26,139,021902,26139021902
4781.0,26,139,021801,26139021801
3376.0,26,023,951600,26023951600
2973.0,26,023,951500,26023951500
0.0,26,103,990000,26103990000
1341.0,26,101,000600,26101000600
3060.0,26,085,961300,26085961300
3457.0,26,085,961100,26085961100
2737.0,26,085,961200,26085961200
0.0,26,003,990000,26003990000
3595.0,26,003,000100,26003000100
2780.0,26,003,000200,26003000200
2879.0,26,003,000300,26003000300
4778.0,26,073,000200,26073000200
5309.0,26,073,000300,26073000300
5382.0,26,073,940300,26073940300
4356.0,26,073,940100,26073940100
4048.0,26,073,000900,26073000900
3330.0,26,073,000100,26073000100
3780.0,26,073,940400,26073940400
5919.0,26,073,940200,26073940200
2585.0,26,073,940500,26073940500
5104.0,26,073,940600,26073940600
4153.0,26,073,000500,26073000500
4379.0,26,073,000600,26073000600
8423.0,26,073,000700,26073000700
5701.0,26,073,000400,26073000400
3325.0,26,073,000800,26073000800
0.0,26,009,990000,26009990000
7756.0,26,163,561300,26163561300
6628.0,26,163,561200,26163561200
5220.0,26,091,062300,26091062300
5020.0,26,091,062400,26091062400
2568.0,26,091,062200,26091062200
4716.0,26,091,060301,26091060301
4014.0,26,091,060302,26091060302
2436.0,26,163,505400,26163505400
1181.0,26,163,505500,26163505500
1903.0,26,163,511000,26163511000
1999.0,26,163,511300,26163511300
1713.0,26,163,511900,26163511900
3947.0,26,125,140301,26125140301
2847.0,26,125,145900,26125145900
4779.0,26,125,140900,26125140900
6122.0,26,125,143500,26125143500
5572.0,26,125,135100,26125135100
3981.0,26,125,168700,26125168700
2665.0,26,099,268300,26099268300
5815.0,26,139,025200,26139025200
4660.0,26,139,022206,26139022206
9901.0,26,139,022203,26139022203
7145.0,26,139,024900,26139024900
5338.0,26,139,025700,26139025700
9293.0,26,139,024400,26139024400
5800.0,26,139,023001,26139023001
3064.0,26,139,020501,26139020501
5189.0,26,139,021201,26139021201
3859.0,26,139,020503,26139020503
3236.0,26,139,021301,26139021301
2867.0,26,139,021303,26139021303
1194.0,26,139,022107,26139022107
